Response,Emotions,Zone Type,Participant External Session ID,Reaction Time,Task Name,Participant Private ID
BLUE,BORED,response_markdown,,99429.79000000923,3_ Emotion & Color Association Phase_ITALIAN,3344389.0
ORANGE,SAD,response_markdown,,29519.25499999197,3_ Emotion & Color Association Phase_ITALIAN,3344389.0
BLUE,DEPRESSED,response_markdown,,14017.539999986184,3_ Emotion & Color Association Phase_ITALIAN,3344389.0
RED,SURPRISED,response_markdown,,15063.67999999202,3_ Emotion & Color Association Phase_ITALIAN,3344389.0
YELLOW,EXCITED,response_markdown,,16261.65500000934,3_ Emotion & Color Association Phase_ITALIAN,3344389.0
BLUE,CALM,response_markdown,,18030.849999995557,3_ Emotion & Color Association Phase_ITALIAN,3344389.0
PURPLE,SLEEPY,response_markdown,,10202.959999995071,3_ Emotion & Color Association Phase_ITALIAN,3344389.0
ORANGE,ASTONISHED,response_markdown,,38590.21000000939,3_ Emotion & Color Association Phase_ITALIAN,3344389.0
BLUE,TIRED,response_markdown,,27724.975000004637,3_ Emotion & Color Association Phase_ITALIAN,3344389.0
GREEN,SATISFIED,response_markdown,,6543.850000001839,3_ Emotion & Color Association Phase_ITALIAN,3344389.0
RED,AFRAID,response_markdown,,6265.104999998584,3_ Emotion & Color Association Phase_ITALIAN,3344389.0
YELLOW,DISGUSTED,response_markdown,,10238.51999999897,3_ Emotion & Color Association Phase_ITALIAN,3344389.0
PURPLE,FRUSTRATED,response_markdown,,22571.50499999989,3_ Emotion & Color Association Phase_ITALIAN,3344389.0
RED,STRESSED,response_markdown,,6476.284999997006,3_ Emotion & Color Association Phase_ITALIAN,3344389.0
RED,ALARMED,response_markdown,,4496.209999997518,3_ Emotion & Color Association Phase_ITALIAN,3344389.0
YELLOW,SERENE,response_markdown,,12705.669999995736,3_ Emotion & Color Association Phase_ITALIAN,3344389.0
RED,ANGRY,response_markdown,,5396.089999994729,3_ Emotion & Color Association Phase_ITALIAN,3344389.0
YELLOW,HAPPY,response_markdown,,9100.984999997308,3_ Emotion & Color Association Phase_ITALIAN,3344389.0
GREEN,CALM,response_markdown,,38782.43500000099,3_ Emotion & Color Association Phase_ITALIAN,2555020.0
YELLOW,EXCITED,response_markdown,,14835.109999985434,3_ Emotion & Color Association Phase_ITALIAN,2555020.0
BLUE,SERENE,response_markdown,,6202.470000018366,3_ Emotion & Color Association Phase_ITALIAN,2555020.0
RED,ANGRY,response_markdown,,4731.289999966975,3_ Emotion & Color Association Phase_ITALIAN,2555020.0
PURPLE,BORED,response_markdown,,13609.50000002049,3_ Emotion & Color Association Phase_ITALIAN,2555020.0
ORANGE,AFRAID,response_markdown,,22168.455000035465,3_ Emotion & Color Association Phase_ITALIAN,2555020.0
YELLOW,HAPPY,response_markdown,,13071.265000035057,3_ Emotion & Color Association Phase_ITALIAN,2555020.0
PURPLE,SAD,response_markdown,,14699.530000041705,3_ Emotion & Color Association Phase_ITALIAN,2555020.0
ORANGE,ASTONISHED,response_markdown,,6985.1699999999255,3_ Emotion & Color Association Phase_ITALIAN,2555020.0
RED,STRESSED,response_markdown,,5938.614999991842,3_ Emotion & Color Association Phase_ITALIAN,2555020.0
BLUE,SATISFIED,response_markdown,,29062.169999990147,3_ Emotion & Color Association Phase_ITALIAN,2555020.0
PURPLE,TIRED,response_markdown,,9070.624999993017,3_ Emotion & Color Association Phase_ITALIAN,2555020.0
PURPLE,DISGUSTED,response_markdown,,6711.450000002515,3_ Emotion & Color Association Phase_ITALIAN,2555020.0
RED,ALARMED,response_markdown,,5787.364999996498,3_ Emotion & Color Association Phase_ITALIAN,2555020.0
PURPLE,DEPRESSED,response_markdown,,4697.790000005625,3_ Emotion & Color Association Phase_ITALIAN,2555020.0
ORANGE,FRUSTRATED,response_markdown,,15862.560000037774,3_ Emotion & Color Association Phase_ITALIAN,2555020.0
YELLOW,SURPRISED,response_markdown,,6042.324999987613,3_ Emotion & Color Association Phase_ITALIAN,2555020.0
PURPLE,SLEEPY,response_markdown,,10451.360000006389,3_ Emotion & Color Association Phase_ITALIAN,2555020.0
YELLOW,SLEEPY,response_markdown,,36761.11500000116,3_ Emotion & Color Association Phase_ITALIAN,2392819.0
ORANGE,STRESSED,response_markdown,,10125.599999999396,3_ Emotion & Color Association Phase_ITALIAN,2392819.0
YELLOW,SAD,response_markdown,,11404.429999995044,3_ Emotion & Color Association Phase_ITALIAN,2392819.0
GREEN,SATISFIED,response_markdown,,5959.100000007311,3_ Emotion & Color Association Phase_ITALIAN,2392819.0
PURPLE,DISGUSTED,response_markdown,,9139.69999999972,3_ Emotion & Color Association Phase_ITALIAN,2392819.0
YELLOW,BORED,response_markdown,,12665.82500000368,3_ Emotion & Color Association Phase_ITALIAN,2392819.0
ORANGE,FRUSTRATED,response_markdown,,7187.88999998651,3_ Emotion & Color Association Phase_ITALIAN,2392819.0
RED,ANGRY,response_markdown,,5647.379999994882,3_ Emotion & Color Association Phase_ITALIAN,2392819.0
RED,ALARMED,response_markdown,,5371.075000002747,3_ Emotion & Color Association Phase_ITALIAN,2392819.0
BLUE,EXCITED,response_markdown,,9808.594999994966,3_ Emotion & Color Association Phase_ITALIAN,2392819.0
RED,SURPRISED,response_markdown,,5389.389999996638,3_ Emotion & Color Association Phase_ITALIAN,2392819.0
ORANGE,ASTONISHED,response_markdown,,5676.024999993388,3_ Emotion & Color Association Phase_ITALIAN,2392819.0
RED,AFRAID,response_markdown,,7388.0950000020675,3_ Emotion & Color Association Phase_ITALIAN,2392819.0
BLUE,SERENE,response_markdown,,9980.59999999532,3_ Emotion & Color Association Phase_ITALIAN,2392819.0
BLUE,HAPPY,response_markdown,,10405.12499999022,3_ Emotion & Color Association Phase_ITALIAN,2392819.0
PURPLE,DEPRESSED,response_markdown,,6691.814999998314,3_ Emotion & Color Association Phase_ITALIAN,2392819.0
RED,TIRED,response_markdown,,12718.479999995909,3_ Emotion & Color Association Phase_ITALIAN,2392819.0
GREEN,CALM,response_markdown,,13664.514999996754,3_ Emotion & Color Association Phase_ITALIAN,2392819.0
ORANGE,EXCITED,response_markdown,,26462.780000001658,3_ Emotion & Color Association Phase_ITALIAN,3427920.0
YELLOW,HAPPY,response_markdown,,19765.59999998426,3_ Emotion & Color Association Phase_ITALIAN,3427920.0
PURPLE,SLEEPY,response_markdown,,24128.70000000112,3_ Emotion & Color Association Phase_ITALIAN,3427920.0
GREEN,ANGRY,response_markdown,,12246.4349999791,3_ Emotion & Color Association Phase_ITALIAN,3427920.0
BLUE,DEPRESSED,response_markdown,,20382.485000009183,3_ Emotion & Color Association Phase_ITALIAN,3427920.0
PURPLE,TIRED,response_markdown,,15008.514999994077,3_ Emotion & Color Association Phase_ITALIAN,3427920.0
YELLOW,SERENE,response_markdown,,16563.079999992624,3_ Emotion & Color Association Phase_ITALIAN,3427920.0
PURPLE,BORED,response_markdown,,14581.815000041388,3_ Emotion & Color Association Phase_ITALIAN,3427920.0
PURPLE,AFRAID,response_markdown,,49413.98500005016,3_ Emotion & Color Association Phase_ITALIAN,3427920.0
BLUE,FRUSTRATED,response_markdown,,23156.039999972563,3_ Emotion & Color Association Phase_ITALIAN,3427920.0
ORANGE,SATISFIED,response_markdown,,12256.10499997856,3_ Emotion & Color Association Phase_ITALIAN,3427920.0
PURPLE,SAD,response_markdown,,5012.7900000079535,3_ Emotion & Color Association Phase_ITALIAN,3427920.0
RED,ASTONISHED,response_markdown,,5549.164999974892,3_ Emotion & Color Association Phase_ITALIAN,3427920.0
BLUE,CALM,response_markdown,,15455.14999999432,3_ Emotion & Color Association Phase_ITALIAN,3427920.0
RED,ALARMED,response_markdown,,14786.080000048967,3_ Emotion & Color Association Phase_ITALIAN,3427920.0
PURPLE,STRESSED,response_markdown,,7757.044999976642,3_ Emotion & Color Association Phase_ITALIAN,3427920.0
YELLOW,SURPRISED,response_markdown,,8439.009999972768,3_ Emotion & Color Association Phase_ITALIAN,3427920.0
ORANGE,DISGUSTED,response_markdown,,10137.56000000285,3_ Emotion & Color Association Phase_ITALIAN,3427920.0
RED,ALARMED,response_markdown,,14174.025000000256,3_ Emotion & Color Association Phase_ITALIAN,3393513.0
BLUE,DEPRESSED,response_markdown,,13550.425000008545,3_ Emotion & Color Association Phase_ITALIAN,3393513.0
PURPLE,BORED,response_markdown,,5670.924999998533,3_ Emotion & Color Association Phase_ITALIAN,3393513.0
RED,AFRAID,response_markdown,,4582.5000000040745,3_ Emotion & Color Association Phase_ITALIAN,3393513.0
BLUE,STRESSED,response_markdown,,7378.310000000056,3_ Emotion & Color Association Phase_ITALIAN,3393513.0
YELLOW,EXCITED,response_markdown,,6718.099999998231,3_ Emotion & Color Association Phase_ITALIAN,3393513.0
GREEN,CALM,response_markdown,,4729.930000001332,3_ Emotion & Color Association Phase_ITALIAN,3393513.0
ORANGE,DISGUSTED,response_markdown,,30953.874999991967,3_ Emotion & Color Association Phase_ITALIAN,3393513.0
GREEN,SATISFIED,response_markdown,,5749.809999993886,3_ Emotion & Color Association Phase_ITALIAN,3393513.0
RED,HAPPY,response_markdown,,1033.400000000256,3_ Emotion & Color Association Phase_ITALIAN,3393513.0
YELLOW,ASTONISHED,response_markdown,,9028.489999996964,3_ Emotion & Color Association Phase_ITALIAN,3393513.0
BLUE,SLEEPY,response_markdown,,13329.89500000258,3_ Emotion & Color Association Phase_ITALIAN,3393513.0
PURPLE,SAD,response_markdown,,1890.740000002552,3_ Emotion & Color Association Phase_ITALIAN,3393513.0
BLUE,FRUSTRATED,response_markdown,,11152.484999998704,3_ Emotion & Color Association Phase_ITALIAN,3393513.0
RED,SURPRISED,response_markdown,,629.8649999953341,3_ Emotion & Color Association Phase_ITALIAN,3393513.0
GREEN,ANGRY,response_markdown,,547.099999996135,3_ Emotion & Color Association Phase_ITALIAN,3393513.0
GREEN,TIRED,response_markdown,,10400.779999996304,3_ Emotion & Color Association Phase_ITALIAN,3393513.0
BLUE,SERENE,response_markdown,,790.0450000015553,3_ Emotion & Color Association Phase_ITALIAN,3393513.0
RED,ALARMED,response_markdown,,30915.84499995224,3_ Emotion & Color Association Phase_ITALIAN,3246042.0
GREEN,HAPPY,response_markdown,,17819.625000003725,3_ Emotion & Color Association Phase_ITALIAN,3246042.0
PURPLE,FRUSTRATED,response_markdown,,5765.724999946542,3_ Emotion & Color Association Phase_ITALIAN,3246042.0
BLUE,BORED,response_markdown,,24017.705000005662,3_ Emotion & Color Association Phase_ITALIAN,3246042.0
RED,EXCITED,response_markdown,,12889.569999999369,3_ Emotion & Color Association Phase_ITALIAN,3246042.0
BLUE,SAD,response_markdown,,102212.84500008916,3_ Emotion & Color Association Phase_ITALIAN,3246042.0
GREEN,ANGRY,response_markdown,,8870.85000006482,3_ Emotion & Color Association Phase_ITALIAN,3246042.0
ORANGE,STRESSED,response_markdown,,17184.379999991506,3_ Emotion & Color Association Phase_ITALIAN,3246042.0
RED,SATISFIED,response_markdown,,6276.815000106581,3_ Emotion & Color Association Phase_ITALIAN,3246042.0
YELLOW,ASTONISHED,response_markdown,,2945.6800000043586,3_ Emotion & Color Association Phase_ITALIAN,3246042.0
BLUE,SLEEPY,response_markdown,,2970.6249999580905,3_ Emotion & Color Association Phase_ITALIAN,3246042.0
PURPLE,DISGUSTED,response_markdown,,8733.840000000782,3_ Emotion & Color Association Phase_ITALIAN,3246042.0
YELLOW,SERENE,response_markdown,,3604.145000106655,3_ Emotion & Color Association Phase_ITALIAN,3246042.0
BLUE,CALM,response_markdown,,2727.3150000255555,3_ Emotion & Color Association Phase_ITALIAN,3246042.0
PURPLE,AFRAID,response_markdown,,27380.984999937937,3_ Emotion & Color Association Phase_ITALIAN,3246042.0
GREEN,TIRED,response_markdown,,14510.445000021718,3_ Emotion & Color Association Phase_ITALIAN,3246042.0
RED,SURPRISED,response_markdown,,6274.404999916442,3_ Emotion & Color Association Phase_ITALIAN,3246042.0
YELLOW,DEPRESSED,response_markdown,,9431.734999991022,3_ Emotion & Color Association Phase_ITALIAN,3246042.0
PURPLE,AFRAID,response_markdown,,86473.43999997247,3_ Emotion & Color Association Phase_ITALIAN,3236466.0
GREEN,CALM,response_markdown,,8005.515000084415,3_ Emotion & Color Association Phase_ITALIAN,3236466.0
RED,STRESSED,response_markdown,,6784.684999962337,3_ Emotion & Color Association Phase_ITALIAN,3236466.0
ORANGE,BORED,response_markdown,,4238.634999957867,3_ Emotion & Color Association Phase_ITALIAN,3236466.0
RED,DEPRESSED,response_markdown,,8642.42499996908,3_ Emotion & Color Association Phase_ITALIAN,3236466.0
PURPLE,TIRED,response_markdown,,8610.985000035726,3_ Emotion & Color Association Phase_ITALIAN,3236466.0
BLUE,SAD,response_markdown,,7447.080000070855,3_ Emotion & Color Association Phase_ITALIAN,3236466.0
YELLOW,HAPPY,response_markdown,,5586.705000023358,3_ Emotion & Color Association Phase_ITALIAN,3236466.0
RED,FRUSTRATED,response_markdown,,7490.850000060163,3_ Emotion & Color Association Phase_ITALIAN,3236466.0
PURPLE,SLEEPY,response_markdown,,17740.36499997601,3_ Emotion & Color Association Phase_ITALIAN,3236466.0
PURPLE,DISGUSTED,response_markdown,,9753.579999902286,3_ Emotion & Color Association Phase_ITALIAN,3236466.0
YELLOW,SATISFIED,response_markdown,,7520.49500006251,3_ Emotion & Color Association Phase_ITALIAN,3236466.0
GREEN,SERENE,response_markdown,,5802.120000007562,3_ Emotion & Color Association Phase_ITALIAN,3236466.0
RED,ALARMED,response_markdown,,5314.210000098683,3_ Emotion & Color Association Phase_ITALIAN,3236466.0
ORANGE,EXCITED,response_markdown,,6927.219999954104,3_ Emotion & Color Association Phase_ITALIAN,3236466.0
BLUE,SURPRISED,response_markdown,,11404.03500001412,3_ Emotion & Color Association Phase_ITALIAN,3236466.0
RED,ANGRY,response_markdown,,4172.750000027008,3_ Emotion & Color Association Phase_ITALIAN,3236466.0
BLUE,ASTONISHED,response_markdown,,6586.079999920912,3_ Emotion & Color Association Phase_ITALIAN,3236466.0
BLUE,SAD,response_markdown,,6424.750000005588,3_ Emotion & Color Association Phase_ITALIAN,3139448.0
GREEN,SERENE,response_markdown,,3902.824999997392,3_ Emotion & Color Association Phase_ITALIAN,3139448.0
RED,ANGRY,response_markdown,,3758.285000003525,3_ Emotion & Color Association Phase_ITALIAN,3139448.0
ORANGE,DEPRESSED,response_markdown,,4327.460000000428,3_ Emotion & Color Association Phase_ITALIAN,3139448.0
BLUE,TIRED,response_markdown,,4452.684999996563,3_ Emotion & Color Association Phase_ITALIAN,3139448.0
GREEN,HAPPY,response_markdown,,6294.97000000265,3_ Emotion & Color Association Phase_ITALIAN,3139448.0
BLUE,BORED,response_markdown,,5529.125000000931,3_ Emotion & Color Association Phase_ITALIAN,3139448.0
BLUE,SLEEPY,response_markdown,,6738.024999998743,3_ Emotion & Color Association Phase_ITALIAN,3139448.0
GREEN,CALM,response_markdown,,3749.419999992824,3_ Emotion & Color Association Phase_ITALIAN,3139448.0
YELLOW,ALARMED,response_markdown,,4407.040000005509,3_ Emotion & Color Association Phase_ITALIAN,3139448.0
ORANGE,FRUSTRATED,response_markdown,,3934.359999999288,3_ Emotion & Color Association Phase_ITALIAN,3139448.0
ORANGE,AFRAID,response_markdown,,4872.004999997444,3_ Emotion & Color Association Phase_ITALIAN,3139448.0
PURPLE,ASTONISHED,response_markdown,,4529.47999999742,3_ Emotion & Color Association Phase_ITALIAN,3139448.0
RED,STRESSED,response_markdown,,4163.075000004028,3_ Emotion & Color Association Phase_ITALIAN,3139448.0
GREEN,EXCITED,response_markdown,,4646.61999999953,3_ Emotion & Color Association Phase_ITALIAN,3139448.0
GREEN,SATISFIED,response_markdown,,3395.009999992908,3_ Emotion & Color Association Phase_ITALIAN,3139448.0
ORANGE,SURPRISED,response_markdown,,14190.954999998212,3_ Emotion & Color Association Phase_ITALIAN,3139448.0
YELLOW,DISGUSTED,response_markdown,,5747.560000003432,3_ Emotion & Color Association Phase_ITALIAN,3139448.0
GREEN,ASTONISHED,response_markdown,,32927.880000002915,3_ Emotion & Color Association Phase_ITALIAN,3128684.0
ORANGE,SLEEPY,response_markdown,,6165.030000003753,3_ Emotion & Color Association Phase_ITALIAN,3128684.0
RED,ALARMED,response_markdown,,6474.770000000717,3_ Emotion & Color Association Phase_ITALIAN,3128684.0
BLUE,SERENE,response_markdown,,2986.14500000258,3_ Emotion & Color Association Phase_ITALIAN,3128684.0
GREEN,SATISFIED,response_markdown,,4154.275000008056,3_ Emotion & Color Association Phase_ITALIAN,3128684.0
PURPLE,TIRED,response_markdown,,4322.454999986803,3_ Emotion & Color Association Phase_ITALIAN,3128684.0
YELLOW,EXCITED,response_markdown,,3945.524999988265,3_ Emotion & Color Association Phase_ITALIAN,3128684.0
PURPLE,AFRAID,response_markdown,,4084.835000016028,3_ Emotion & Color Association Phase_ITALIAN,3128684.0
RED,ANGRY,response_markdown,,3247.590000013588,3_ Emotion & Color Association Phase_ITALIAN,3128684.0
BLUE,CALM,response_markdown,,2252.0650000078604,3_ Emotion & Color Association Phase_ITALIAN,3128684.0
GREEN,SURPRISED,response_markdown,,7152.620000008028,3_ Emotion & Color Association Phase_ITALIAN,3128684.0
PURPLE,DEPRESSED,response_markdown,,3461.485000007088,3_ Emotion & Color Association Phase_ITALIAN,3128684.0
BLUE,HAPPY,response_markdown,,15471.075000008568,3_ Emotion & Color Association Phase_ITALIAN,3128684.0
PURPLE,BORED,response_markdown,,10623.369999986608,3_ Emotion & Color Association Phase_ITALIAN,3128684.0
ORANGE,FRUSTRATED,response_markdown,,5678.859999985434,3_ Emotion & Color Association Phase_ITALIAN,3128684.0
RED,DISGUSTED,response_markdown,,5929.754999990109,3_ Emotion & Color Association Phase_ITALIAN,3128684.0
ORANGE,SAD,response_markdown,,14481.925000000048,3_ Emotion & Color Association Phase_ITALIAN,3128684.0
YELLOW,STRESSED,response_markdown,,5613.309999986086,3_ Emotion & Color Association Phase_ITALIAN,3128684.0
YELLOW,SURPRISED,response_markdown,,18712.89500000421,3_ Emotion & Color Association Phase_ITALIAN,3090469.0
GREEN,CALM,response_markdown,,6881.5750000067055,3_ Emotion & Color Association Phase_ITALIAN,3090469.0
PURPLE,SAD,response_markdown,,4888.820000007399,3_ Emotion & Color Association Phase_ITALIAN,3090469.0
RED,EXCITED,response_markdown,,3691.144999989774,3_ Emotion & Color Association Phase_ITALIAN,3090469.0
BLUE,SLEEPY,response_markdown,,5260.685000001104,3_ Emotion & Color Association Phase_ITALIAN,3090469.0
PURPLE,AFRAID,response_markdown,,6951.700000005076,3_ Emotion & Color Association Phase_ITALIAN,3090469.0
ORANGE,ANGRY,response_markdown,,8365.014999988489,3_ Emotion & Color Association Phase_ITALIAN,3090469.0
BLUE,TIRED,response_markdown,,3305.145000005723,3_ Emotion & Color Association Phase_ITALIAN,3090469.0
GREEN,SERENE,response_markdown,,6653.164999996079,3_ Emotion & Color Association Phase_ITALIAN,3090469.0
PURPLE,ALARMED,response_markdown,,11829.069999992498,3_ Emotion & Color Association Phase_ITALIAN,3090469.0
YELLOW,DISGUSTED,response_markdown,,5124.989999996615,3_ Emotion & Color Association Phase_ITALIAN,3090469.0
PURPLE,STRESSED,response_markdown,,8941.070000000764,3_ Emotion & Color Association Phase_ITALIAN,3090469.0
RED,BORED,response_markdown,,10903.395000001185,3_ Emotion & Color Association Phase_ITALIAN,3090469.0
BLUE,FRUSTRATED,response_markdown,,5247.489999994286,3_ Emotion & Color Association Phase_ITALIAN,3090469.0
ORANGE,SATISFIED,response_markdown,,4242.485000009765,3_ Emotion & Color Association Phase_ITALIAN,3090469.0
RED,HAPPY,response_markdown,,4677.139999999781,3_ Emotion & Color Association Phase_ITALIAN,3090469.0
BLUE,ASTONISHED,response_markdown,,5028.064999991329,3_ Emotion & Color Association Phase_ITALIAN,3090469.0
PURPLE,DEPRESSED,response_markdown,,5500.339999998687,3_ Emotion & Color Association Phase_ITALIAN,3090469.0
YELLOW,SAD,response_markdown,,15699.920000042766,3_ Emotion & Color Association Phase_ITALIAN,2969276.0
RED,SURPRISED,response_markdown,,6740.564999985509,3_ Emotion & Color Association Phase_ITALIAN,2969276.0
BLUE,EXCITED,response_markdown,,724.8599999584258,3_ Emotion & Color Association Phase_ITALIAN,2969276.0
GREEN,FRUSTRATED,response_markdown,,4893.405000097118,3_ Emotion & Color Association Phase_ITALIAN,2969276.0
RED,CALM,response_markdown,,7028.324999962933,3_ Emotion & Color Association Phase_ITALIAN,2969276.0
PURPLE,DEPRESSED,response_markdown,,3412.8649999620397,3_ Emotion & Color Association Phase_ITALIAN,2969276.0
YELLOW,AFRAID,response_markdown,,3486.229999922216,3_ Emotion & Color Association Phase_ITALIAN,2969276.0
GREEN,SLEEPY,response_markdown,,4257.209999952465,3_ Emotion & Color Association Phase_ITALIAN,2969276.0
RED,SERENE,response_markdown,,3156.8350000306964,3_ Emotion & Color Association Phase_ITALIAN,2969276.0
BLUE,DISGUSTED,response_markdown,,3052.1500000031665,3_ Emotion & Color Association Phase_ITALIAN,2969276.0
YELLOW,ALARMED,response_markdown,,2408.004999975674,3_ Emotion & Color Association Phase_ITALIAN,2969276.0
GREEN,TIRED,response_markdown,,3072.0750000327826,3_ Emotion & Color Association Phase_ITALIAN,2969276.0
ORANGE,ANGRY,response_markdown,,3147.480000043288,3_ Emotion & Color Association Phase_ITALIAN,2969276.0
YELLOW,BORED,response_markdown,,3206.6000000340864,3_ Emotion & Color Association Phase_ITALIAN,2969276.0
RED,ASTONISHED,response_markdown,,2816.744999960065,3_ Emotion & Color Association Phase_ITALIAN,2969276.0
RED,SATISFIED,response_markdown,,3101.070000091568,3_ Emotion & Color Association Phase_ITALIAN,2969276.0
RED,HAPPY,response_markdown,,3550.279999966733,3_ Emotion & Color Association Phase_ITALIAN,2969276.0
ORANGE,STRESSED,response_markdown,,3056.2449999852106,3_ Emotion & Color Association Phase_ITALIAN,2969276.0
RED,ALARMED,response_markdown,,17494.485000032,3_ Emotion & Color Association Phase_ITALIAN,2938258.0
PURPLE,STRESSED,response_markdown,,4775.320000015199,3_ Emotion & Color Association Phase_ITALIAN,2938258.0
YELLOW,EXCITED,response_markdown,,8370.534999994561,3_ Emotion & Color Association Phase_ITALIAN,2938258.0
PURPLE,AFRAID,response_markdown,,10460.734999971464,3_ Emotion & Color Association Phase_ITALIAN,2938258.0
ORANGE,FRUSTRATED,response_markdown,,63838.24499999173,3_ Emotion & Color Association Phase_ITALIAN,2938258.0
GREEN,DISGUSTED,response_markdown,,3658.244999998715,3_ Emotion & Color Association Phase_ITALIAN,2938258.0
BLUE,DEPRESSED,response_markdown,,12562.685000011696,3_ Emotion & Color Association Phase_ITALIAN,2938258.0
BLUE,SLEEPY,response_markdown,,15300.110000011044,3_ Emotion & Color Association Phase_ITALIAN,2938258.0
YELLOW,ASTONISHED,response_markdown,,5312.1899999678135,3_ Emotion & Color Association Phase_ITALIAN,2938258.0
YELLOW,SATISFIED,response_markdown,,4988.725000002887,3_ Emotion & Color Association Phase_ITALIAN,2938258.0
ORANGE,CALM,response_markdown,,7515.904999978375,3_ Emotion & Color Association Phase_ITALIAN,2938258.0
GREEN,ANGRY,response_markdown,,15578.854999970645,3_ Emotion & Color Association Phase_ITALIAN,2938258.0
YELLOW,HAPPY,response_markdown,,4606.060000020079,3_ Emotion & Color Association Phase_ITALIAN,2938258.0
BLUE,BORED,response_markdown,,6496.060000034049,3_ Emotion & Color Association Phase_ITALIAN,2938258.0
BLUE,SAD,response_markdown,,2615.170000004582,3_ Emotion & Color Association Phase_ITALIAN,2938258.0
RED,SURPRISED,response_markdown,,4102.850000024773,3_ Emotion & Color Association Phase_ITALIAN,2938258.0
BLUE,TIRED,response_markdown,,5838.264999969397,3_ Emotion & Color Association Phase_ITALIAN,2938258.0
YELLOW,SERENE,response_markdown,,3969.9250000412576,3_ Emotion & Color Association Phase_ITALIAN,2938258.0
RED,SURPRISED,response_markdown,,63206.20499999495,3_ Emotion & Color Association Phase_ITALIAN,2785958.0
BLUE,SAD,response_markdown,,22037.61999998824,3_ Emotion & Color Association Phase_ITALIAN,2785958.0
ORANGE,DISGUSTED,response_markdown,,13040.525000018532,3_ Emotion & Color Association Phase_ITALIAN,2785958.0
RED,ASTONISHED,response_markdown,,15791.330000007292,3_ Emotion & Color Association Phase_ITALIAN,2785958.0
BLUE,DEPRESSED,response_markdown,,11752.459999988789,3_ Emotion & Color Association Phase_ITALIAN,2785958.0
YELLOW,SERENE,response_markdown,,20417.58999999729,3_ Emotion & Color Association Phase_ITALIAN,2785958.0
PURPLE,AFRAID,response_markdown,,6889.025000011316,3_ Emotion & Color Association Phase_ITALIAN,2785958.0
PURPLE,ALARMED,response_markdown,,7184.550000005402,3_ Emotion & Color Association Phase_ITALIAN,2785958.0
BLUE,TIRED,response_markdown,,8297.684999997728,3_ Emotion & Color Association Phase_ITALIAN,2785958.0
BLUE,FRUSTRATED,response_markdown,,16616.864999989048,3_ Emotion & Color Association Phase_ITALIAN,2785958.0
YELLOW,SATISFIED,response_markdown,,20659.685000020545,3_ Emotion & Color Association Phase_ITALIAN,2785958.0
RED,ANGRY,response_markdown,,32935.859999997774,3_ Emotion & Color Association Phase_ITALIAN,2785958.0
ORANGE,BORED,response_markdown,,10016.285000019709,3_ Emotion & Color Association Phase_ITALIAN,2785958.0
YELLOW,HAPPY,response_markdown,,7438.309999997728,3_ Emotion & Color Association Phase_ITALIAN,2785958.0
GREEN,CALM,response_markdown,,8393.505000014557,3_ Emotion & Color Association Phase_ITALIAN,2785958.0
RED,EXCITED,response_markdown,,35960.48000000883,3_ Emotion & Color Association Phase_ITALIAN,2785958.0
PURPLE,STRESSED,response_markdown,,6460.879999998724,3_ Emotion & Color Association Phase_ITALIAN,2785958.0
ORANGE,SLEEPY,response_markdown,,6154.75499999593,3_ Emotion & Color Association Phase_ITALIAN,2785958.0
BLUE,CALM,response_markdown,,12745.509999978822,3_ Emotion & Color Association Phase_ITALIAN,2727662.0
PURPLE,TIRED,response_markdown,,5806.944999960251,3_ Emotion & Color Association Phase_ITALIAN,2727662.0
YELLOW,SATISFIED,response_markdown,,7805.055000004359,3_ Emotion & Color Association Phase_ITALIAN,2727662.0
ORANGE,SURPRISED,response_markdown,,4601.8049999838695,3_ Emotion & Color Association Phase_ITALIAN,2727662.0
GREEN,ANGRY,response_markdown,,4803.959999990184,3_ Emotion & Color Association Phase_ITALIAN,2727662.0
PURPLE,BORED,response_markdown,,6723.419999994803,3_ Emotion & Color Association Phase_ITALIAN,2727662.0
BLUE,SAD,response_markdown,,5076.15000003716,3_ Emotion & Color Association Phase_ITALIAN,2727662.0
RED,HAPPY,response_markdown,,7467.599999974482,3_ Emotion & Color Association Phase_ITALIAN,2727662.0
PURPLE,SLEEPY,response_markdown,,7009.510000003502,3_ Emotion & Color Association Phase_ITALIAN,2727662.0
RED,ASTONISHED,response_markdown,,5044.545000011567,3_ Emotion & Color Association Phase_ITALIAN,2727662.0
GREEN,FRUSTRATED,response_markdown,,2948.3950000139885,3_ Emotion & Color Association Phase_ITALIAN,2727662.0
YELLOW,ALARMED,response_markdown,,5386.99499994982,3_ Emotion & Color Association Phase_ITALIAN,2727662.0
BLUE,SERENE,response_markdown,,11990.344999998342,3_ Emotion & Color Association Phase_ITALIAN,2727662.0
PURPLE,DEPRESSED,response_markdown,,5695.27999998536,3_ Emotion & Color Association Phase_ITALIAN,2727662.0
RED,EXCITED,response_markdown,,4401.305000006687,3_ Emotion & Color Association Phase_ITALIAN,2727662.0
PURPLE,DISGUSTED,response_markdown,,6193.48000001628,3_ Emotion & Color Association Phase_ITALIAN,2727662.0
GREEN,STRESSED,response_markdown,,6868.379999999888,3_ Emotion & Color Association Phase_ITALIAN,2727662.0
ORANGE,AFRAID,response_markdown,,4371.134999964852,3_ Emotion & Color Association Phase_ITALIAN,2727662.0
YELLOW,EXCITED,response_markdown,,8526.18000000075,3_ Emotion & Color Association Phase_ITALIAN,2688631.0
BLUE,CALM,response_markdown,,4987.670000002254,3_ Emotion & Color Association Phase_ITALIAN,2688631.0
RED,STRESSED,response_markdown,,3245.3649999952177,3_ Emotion & Color Association Phase_ITALIAN,2688631.0
GREEN,ASTONISHED,response_markdown,,5828.379999999015,3_ Emotion & Color Association Phase_ITALIAN,2688631.0
RED,ANGRY,response_markdown,,3142.3499999946216,3_ Emotion & Color Association Phase_ITALIAN,2688631.0
YELLOW,SATISFIED,response_markdown,,2911.56499999488,3_ Emotion & Color Association Phase_ITALIAN,2688631.0
BLUE,SLEEPY,response_markdown,,3230.875000001106,3_ Emotion & Color Association Phase_ITALIAN,2688631.0
PURPLE,DISGUSTED,response_markdown,,3653.2999999981257,3_ Emotion & Color Association Phase_ITALIAN,2688631.0
GREEN,SURPRISED,response_markdown,,3765.0849999990896,3_ Emotion & Color Association Phase_ITALIAN,2688631.0
ORANGE,BORED,response_markdown,,3030.8549999972456,3_ Emotion & Color Association Phase_ITALIAN,2688631.0
PURPLE,AFRAID,response_markdown,,2988.884999998845,3_ Emotion & Color Association Phase_ITALIAN,2688631.0
BLUE,TIRED,response_markdown,,4258.175000002666,3_ Emotion & Color Association Phase_ITALIAN,2688631.0
BLUE,SERENE,response_markdown,,2764.1999999978,3_ Emotion & Color Association Phase_ITALIAN,2688631.0
ORANGE,FRUSTRATED,response_markdown,,4253.425000002608,3_ Emotion & Color Association Phase_ITALIAN,2688631.0
PURPLE,ALARMED,response_markdown,,3722.645000001648,3_ Emotion & Color Association Phase_ITALIAN,2688631.0
ORANGE,DEPRESSED,response_markdown,,1699.204999997164,3_ Emotion & Color Association Phase_ITALIAN,2688631.0
ORANGE,SAD,response_markdown,,3163.5450000030687,3_ Emotion & Color Association Phase_ITALIAN,2688631.0
YELLOW,HAPPY,response_markdown,,1950.5149999968123,3_ Emotion & Color Association Phase_ITALIAN,2688631.0
PURPLE,DEPRESSED,response_markdown,,7594.184999994468,3_ Emotion & Color Association Phase_ITALIAN,2635160.0
BLUE,ASTONISHED,response_markdown,,7746.990000014193,3_ Emotion & Color Association Phase_ITALIAN,2635160.0
YELLOW,BORED,response_markdown,,6429.560000018682,3_ Emotion & Color Association Phase_ITALIAN,2635160.0
RED,SLEEPY,response_markdown,,4640.015000011772,3_ Emotion & Color Association Phase_ITALIAN,2635160.0
GREEN,DISGUSTED,response_markdown,,4960.420000017621,3_ Emotion & Color Association Phase_ITALIAN,2635160.0
ORANGE,EXCITED,response_markdown,,6392.044999985956,3_ Emotion & Color Association Phase_ITALIAN,2635160.0
ORANGE,SATISFIED,response_markdown,,6634.105000004638,3_ Emotion & Color Association Phase_ITALIAN,2635160.0
RED,TIRED,response_markdown,,6764.934999984689,3_ Emotion & Color Association Phase_ITALIAN,2635160.0
RED,ALARMED,response_markdown,,4178.17999998806,3_ Emotion & Color Association Phase_ITALIAN,2635160.0
YELLOW,SAD,response_markdown,,6296.840000024531,3_ Emotion & Color Association Phase_ITALIAN,2635160.0
BLUE,CALM,response_markdown,,4632.905000005849,3_ Emotion & Color Association Phase_ITALIAN,2635160.0
YELLOW,SURPRISED,response_markdown,,5980.945000017528,3_ Emotion & Color Association Phase_ITALIAN,2635160.0
GREEN,FRUSTRATED,response_markdown,,4225.784999958705,3_ Emotion & Color Association Phase_ITALIAN,2635160.0
RED,AFRAID,response_markdown,,4987.98000003444,3_ Emotion & Color Association Phase_ITALIAN,2635160.0
GREEN,STRESSED,response_markdown,,4894.269999989774,3_ Emotion & Color Association Phase_ITALIAN,2635160.0
RED,ANGRY,response_markdown,,4783.654999977443,3_ Emotion & Color Association Phase_ITALIAN,2635160.0
BLUE,HAPPY,response_markdown,,5683.590000029653,3_ Emotion & Color Association Phase_ITALIAN,2635160.0
BLUE,SERENE,response_markdown,,5436.379999970086,3_ Emotion & Color Association Phase_ITALIAN,2635160.0
"<p style=""text-align:center;font-size:150%"">GIALLO</p>",HAPPY,response_markdown,,12862.315000034869,3_ Emotion & Color Association Phase_ITALIAN,3276587.0
"<p style=""text-align:center;font-size:150%"">GIALLO</p>",SERENE,response_markdown,,13722.719999961557,3_ Emotion & Color Association Phase_ITALIAN,3276587.0
"<p style=""text-align:center;font-size:150%"">ROSSO</p>",ANGRY,response_markdown,,4579.329999862239,3_ Emotion & Color Association Phase_ITALIAN,3276587.0
"<p style=""text-align:center;font-size:150%"">BLU</p>",DEPRESSED,response_markdown,,4414.889999898151,3_ Emotion & Color Association Phase_ITALIAN,3276587.0
"<p style=""text-align:center;font-size:150%"">VERDE</p>",AFRAID,response_markdown,,4942.125000059605,3_ Emotion & Color Association Phase_ITALIAN,3276587.0
"<p style=""text-align:center;font-size:150%"">ARANCIONE</p>",ALARMED,response_markdown,,6463.580000214279,3_ Emotion & Color Association Phase_ITALIAN,3276587.0
"<p style=""text-align:center;font-size:150%"">BLU</p>",TIRED,response_markdown,,5005.23000000976,3_ Emotion & Color Association Phase_ITALIAN,3276587.0
"<p style=""text-align:center;font-size:150%"">VIOLA</p>",SATISFIED,response_markdown,,5188.590000150725,3_ Emotion & Color Association Phase_ITALIAN,3276587.0
"<p style=""text-align:center;font-size:150%"">VERDE</p>",SLEEPY,response_markdown,,5848.740000044927,3_ Emotion & Color Association Phase_ITALIAN,3276587.0
"<p style=""text-align:center;font-size:150%"">VERDE</p>",SURPRISED,response_markdown,,26667.91999991983,3_ Emotion & Color Association Phase_ITALIAN,3276587.0
RED,DISGUSTED,response_markdown,,8537.925000069663,3_ Emotion & Color Association Phase_ITALIAN,3276587.0
"<p style=""text-align:center;font-size:150%"">GIALLO</p>",CALM,response_markdown,,6042.565000010654,3_ Emotion & Color Association Phase_ITALIAN,3276587.0
"<p style=""text-align:center;font-size:150%"">GIALLO</p>",EXCITED,response_markdown,,5529.3499999679625,3_ Emotion & Color Association Phase_ITALIAN,3276587.0
"<p style=""text-align:center;font-size:150%"">VERDE</p>",STRESSED,response_markdown,,7056.06499989517,3_ Emotion & Color Association Phase_ITALIAN,3276587.0
"<p style=""text-align:center;font-size:150%"">VERDE</p>",FRUSTRATED,response_markdown,,8304.615000030026,3_ Emotion & Color Association Phase_ITALIAN,3276587.0
"<p style=""text-align:center;font-size:150%"">ARANCIONE</p>",ASTONISHED,response_markdown,,27781.37999982573,3_ Emotion & Color Association Phase_ITALIAN,3276587.0
"<p style=""text-align:center;font-size:150%"">BLU</p>",SAD,response_markdown,,4968.30499987118,3_ Emotion & Color Association Phase_ITALIAN,3276587.0
"<p style=""text-align:center;font-size:150%"">BLU</p>",BORED,response_markdown,,5528.4649999812245,3_ Emotion & Color Association Phase_ITALIAN,3276587.0
"<p style=""text-align:center;font-size:150%"">BLU</p>",SERENE,response_markdown,,7117.219999985537,3_ Emotion & Color Association Phase_ITALIAN,2619711.0
PURPLE,DISGUSTED,response_markdown,,7464.579999999842,3_ Emotion & Color Association Phase_ITALIAN,2619711.0
"<p style=""text-align:center;font-size:150%"">GIALLO</p>",ASTONISHED,response_markdown,,16980.00999999931,3_ Emotion & Color Association Phase_ITALIAN,2619711.0
"<p style=""text-align:center;font-size:150%"">ARANCIONE</p>",AFRAID,response_markdown,,9688.354999991134,3_ Emotion & Color Association Phase_ITALIAN,2619711.0
"<p style=""text-align:center;font-size:150%"">VIOLA</p>",BORED,response_markdown,,8110.17499997979,3_ Emotion & Color Association Phase_ITALIAN,2619711.0
"<p style=""text-align:center;font-size:150%"">VIOLA</p>",DEPRESSED,response_markdown,,6047.629999986384,3_ Emotion & Color Association Phase_ITALIAN,2619711.0
"<p style=""text-align:center;font-size:150%"">GIALLO</p>",EXCITED,response_markdown,,8289.965000003576,3_ Emotion & Color Association Phase_ITALIAN,2619711.0
"<p style=""text-align:center;font-size:150%"">GIALLO</p>",SURPRISED,response_markdown,,7705.309999990277,3_ Emotion & Color Association Phase_ITALIAN,2619711.0
"<p style=""text-align:center;font-size:150%"">ARANCIONE</p>",HAPPY,response_markdown,,10176.56000002171,3_ Emotion & Color Association Phase_ITALIAN,2619711.0
"<p style=""text-align:center;font-size:150%"">VERDE</p>",SATISFIED,response_markdown,,6771.18499999051,3_ Emotion & Color Association Phase_ITALIAN,2619711.0
"<p style=""text-align:center;font-size:150%"">VERDE</p>",TIRED,response_markdown,,10000.905000022613,3_ Emotion & Color Association Phase_ITALIAN,2619711.0
"<p style=""text-align:center;font-size:150%"">ROSSO</p>",ALARMED,response_markdown,,6111.719999986235,3_ Emotion & Color Association Phase_ITALIAN,2619711.0
"<p style=""text-align:center;font-size:150%"">BLU</p>",CALM,response_markdown,,5844.264999992447,3_ Emotion & Color Association Phase_ITALIAN,2619711.0
"<p style=""text-align:center;font-size:150%"">VIOLA</p>",SAD,response_markdown,,5221.81499999715,3_ Emotion & Color Association Phase_ITALIAN,2619711.0
"<p style=""text-align:center;font-size:150%"">VIOLA</p>",STRESSED,response_markdown,,6434.88499999512,3_ Emotion & Color Association Phase_ITALIAN,2619711.0
"<p style=""text-align:center;font-size:150%"">ROSSO</p>",ANGRY,response_markdown,,10069.394999998622,3_ Emotion & Color Association Phase_ITALIAN,2619711.0
"<p style=""text-align:center;font-size:150%"">VIOLA</p>",FRUSTRATED,response_markdown,,7480.330000020331,3_ Emotion & Color Association Phase_ITALIAN,2619711.0
"<p style=""text-align:center;font-size:150%"">VERDE</p>",SLEEPY,response_markdown,,7688.610000011977,3_ Emotion & Color Association Phase_ITALIAN,2619711.0
"<p style=""text-align:center;font-size:150%"">VIOLA</p>",SLEEPY,response_markdown,,8635.995000000548,3_ Emotion & Color Association Phase_ITALIAN,2471807.0
"<p style=""text-align:center;font-size:150%"">VERDE</p>",FRUSTRATED,response_markdown,,11591.17000000333,3_ Emotion & Color Association Phase_ITALIAN,2471807.0
"<p style=""text-align:center;font-size:150%"">ROSSO</p>",EXCITED,response_markdown,,7372.119999999966,3_ Emotion & Color Association Phase_ITALIAN,2471807.0
"<p style=""text-align:center;font-size:150%"">BLU</p>",SURPRISED,response_markdown,,6160.879999999481,3_ Emotion & Color Association Phase_ITALIAN,2471807.0
"<p style=""text-align:center;font-size:150%"">GIALLO</p>",SATISFIED,response_markdown,,5856.82000000088,3_ Emotion & Color Association Phase_ITALIAN,2471807.0
"<p style=""text-align:center;font-size:150%"">VIOLA</p>",TIRED,response_markdown,,6657.450000002398,3_ Emotion & Color Association Phase_ITALIAN,2471807.0
"<p style=""text-align:center;font-size:150%"">VERDE</p>",BORED,response_markdown,,7631.385000000591,3_ Emotion & Color Association Phase_ITALIAN,2471807.0
"<p style=""text-align:center;font-size:150%"">VIOLA</p>",DEPRESSED,response_markdown,,5404.395000001416,3_ Emotion & Color Association Phase_ITALIAN,2471807.0
"<p style=""text-align:center;font-size:150%"">GIALLO</p>",ALARMED,response_markdown,,7040.634999997565,3_ Emotion & Color Association Phase_ITALIAN,2471807.0
"<p style=""text-align:center;font-size:150%"">ROSSO</p>",STRESSED,response_markdown,,10156.069999997271,3_ Emotion & Color Association Phase_ITALIAN,2471807.0
"<p style=""text-align:center;font-size:150%"">BLU</p>",SERENE,response_markdown,,4655.509999996866,3_ Emotion & Color Association Phase_ITALIAN,2471807.0
"<p style=""text-align:center;font-size:150%"">ROSSO</p>",ANGRY,response_markdown,,5634.204999998445,3_ Emotion & Color Association Phase_ITALIAN,2471807.0
GREEN,DISGUSTED,response_markdown,,5277.830000002752,3_ Emotion & Color Association Phase_ITALIAN,2471807.0
"<p style=""text-align:center;font-size:150%"">ARANCIONE</p>",HAPPY,response_markdown,,4408.129999999772,3_ Emotion & Color Association Phase_ITALIAN,2471807.0
"<p style=""text-align:center;font-size:150%"">GIALLO</p>",ASTONISHED,response_markdown,,5795.825000001118,3_ Emotion & Color Association Phase_ITALIAN,2471807.0
"<p style=""text-align:center;font-size:150%"">VIOLA</p>",SAD,response_markdown,,5585.68500000186,3_ Emotion & Color Association Phase_ITALIAN,2471807.0
"<p style=""text-align:center;font-size:150%"">ROSSO</p>",AFRAID,response_markdown,,7061.744999999064,3_ Emotion & Color Association Phase_ITALIAN,2471807.0
"<p style=""text-align:center;font-size:150%"">BLU</p>",CALM,response_markdown,,4864.229999999283,3_ Emotion & Color Association Phase_ITALIAN,2471807.0
"<p style=""text-align:center;font-size:150%"">BLU</p>",CALM,response_markdown,,9278.040000001056,3_ Emotion & Color Association Phase_ITALIAN,3397792.0
"<p style=""text-align:center;font-size:150%"">VIOLA</p>",DEPRESSED,response_markdown,,4178.775000000314,3_ Emotion & Color Association Phase_ITALIAN,3397792.0
"<p style=""text-align:center;font-size:150%"">BLU</p>",SLEEPY,response_markdown,,5080.419999998412,3_ Emotion & Color Association Phase_ITALIAN,3397792.0
"<p style=""text-align:center;font-size:150%"">GIALLO</p>",AFRAID,response_markdown,,4158.999999999651,3_ Emotion & Color Association Phase_ITALIAN,3397792.0
PURPLE,DISGUSTED,response_markdown,,3773.720000001049,3_ Emotion & Color Association Phase_ITALIAN,3397792.0
"<p style=""text-align:center;font-size:150%"">BLU</p>",TIRED,response_markdown,,3964.995000002091,3_ Emotion & Color Association Phase_ITALIAN,3397792.0
"<p style=""text-align:center;font-size:150%"">VIOLA</p>",SAD,response_markdown,,5057.185000001482,3_ Emotion & Color Association Phase_ITALIAN,3397792.0
"<p style=""text-align:center;font-size:150%"">GIALLO</p>",SERENE,response_markdown,,3233.495000000403,3_ Emotion & Color Association Phase_ITALIAN,3397792.0
"<p style=""text-align:center;font-size:150%"">BLU</p>",BORED,response_markdown,,3637.6450000025216,3_ Emotion & Color Association Phase_ITALIAN,3397792.0
"<p style=""text-align:center;font-size:150%"">ARANCIONE</p>",SATISFIED,response_markdown,,4509.139999998297,3_ Emotion & Color Association Phase_ITALIAN,3397792.0
"<p style=""text-align:center;font-size:150%"">ROSSO</p>",ANGRY,response_markdown,,2289.170000000013,3_ Emotion & Color Association Phase_ITALIAN,3397792.0
"<p style=""text-align:center;font-size:150%"">VIOLA</p>",FRUSTRATED,response_markdown,,5082.08999999988,3_ Emotion & Color Association Phase_ITALIAN,3397792.0
"<p style=""text-align:center;font-size:150%"">GIALLO</p>",ASTONISHED,response_markdown,,3181.315000001632,3_ Emotion & Color Association Phase_ITALIAN,3397792.0
"<p style=""text-align:center;font-size:150%"">ARANCIONE</p>",SURPRISED,response_markdown,,3224.8299999992014,3_ Emotion & Color Association Phase_ITALIAN,3397792.0
"<p style=""text-align:center;font-size:150%"">ROSSO</p>",ALARMED,response_markdown,,3436.2750000000237,3_ Emotion & Color Association Phase_ITALIAN,3397792.0
"<p style=""text-align:center;font-size:150%"">ROSSO</p>",EXCITED,response_markdown,,3802.064999999857,3_ Emotion & Color Association Phase_ITALIAN,3397792.0
"<p style=""text-align:center;font-size:150%"">ARANCIONE</p>",HAPPY,response_markdown,,3189.395000001241,3_ Emotion & Color Association Phase_ITALIAN,3397792.0
"<p style=""text-align:center;font-size:150%"">VIOLA</p>",STRESSED,response_markdown,,3486.669999998412,3_ Emotion & Color Association Phase_ITALIAN,3397792.0
"<p style=""text-align:center;font-size:150%"">VIOLA</p>",BORED,response_markdown,,18166.254999989174,3_ Emotion & Color Association Phase_ITALIAN,3351561.0
"<p style=""text-align:center;font-size:150%"">GIALLO</p>",SAD,response_markdown,,7192.790000000969,3_ Emotion & Color Association Phase_ITALIAN,3351561.0
BLUE,DISGUSTED,response_markdown,,7385.645000002114,3_ Emotion & Color Association Phase_ITALIAN,3351561.0
"<p style=""text-align:center;font-size:150%"">ROSSO</p>",FRUSTRATED,response_markdown,,5592.964999988908,3_ Emotion & Color Association Phase_ITALIAN,3351561.0
"<p style=""text-align:center;font-size:150%"">GIALLO</p>",SURPRISED,response_markdown,,4852.25499997614,3_ Emotion & Color Association Phase_ITALIAN,3351561.0
"<p style=""text-align:center;font-size:150%"">VERDE</p>",EXCITED,response_markdown,,5829.184999980498,3_ Emotion & Color Association Phase_ITALIAN,3351561.0
"<p style=""text-align:center;font-size:150%"">GIALLO</p>",TIRED,response_markdown,,6002.390000008745,3_ Emotion & Color Association Phase_ITALIAN,3351561.0
"<p style=""text-align:center;font-size:150%"">BLU</p>",ASTONISHED,response_markdown,,5771.399999997811,3_ Emotion & Color Association Phase_ITALIAN,3351561.0
"<p style=""text-align:center;font-size:150%"">VIOLA</p>",STRESSED,response_markdown,,3795.684999990044,3_ Emotion & Color Association Phase_ITALIAN,3351561.0
"<p style=""text-align:center;font-size:150%"">GIALLO</p>",DEPRESSED,response_markdown,,4800.975000020117,3_ Emotion & Color Association Phase_ITALIAN,3351561.0
"<p style=""text-align:center;font-size:150%"">ROSSO</p>",SATISFIED,response_markdown,,5087.165000004461,3_ Emotion & Color Association Phase_ITALIAN,3351561.0
"<p style=""text-align:center;font-size:150%"">VERDE</p>",SERENE,response_markdown,,4782.065000006696,3_ Emotion & Color Association Phase_ITALIAN,3351561.0
"<p style=""text-align:center;font-size:150%"">ROSSO</p>",ALARMED,response_markdown,,11753.014999994775,3_ Emotion & Color Association Phase_ITALIAN,3351561.0
"<p style=""text-align:center;font-size:150%"">ARANCIONE</p>",ANGRY,response_markdown,,4020.365000003949,3_ Emotion & Color Association Phase_ITALIAN,3351561.0
"<p style=""text-align:center;font-size:150%"">ARANCIONE</p>",SLEEPY,response_markdown,,4949.129999993602,3_ Emotion & Color Association Phase_ITALIAN,3351561.0
"<p style=""text-align:center;font-size:150%"">VERDE</p>",HAPPY,response_markdown,,4288.390000001527,3_ Emotion & Color Association Phase_ITALIAN,3351561.0
"<p style=""text-align:center;font-size:150%"">VIOLA</p>",AFRAID,response_markdown,,4385.420000005979,3_ Emotion & Color Association Phase_ITALIAN,3351561.0
"<p style=""text-align:center;font-size:150%"">VERDE</p>",CALM,response_markdown,,4802.365000010468,3_ Emotion & Color Association Phase_ITALIAN,3351561.0
PURPLE,DISGUSTED,response_markdown,,20566.69000000693,3_ Emotion & Color Association Phase_ITALIAN,3279794.0
"<p style=""text-align:center;font-size:150%"">BLU</p>",TIRED,response_markdown,,8186.40000000596,3_ Emotion & Color Association Phase_ITALIAN,3279794.0
"<p style=""text-align:center;font-size:150%"">ARANCIONE</p>",HAPPY,response_markdown,,4536.229999968782,3_ Emotion & Color Association Phase_ITALIAN,3279794.0
"<p style=""text-align:center;font-size:150%"">GIALLO</p>",SATISFIED,response_markdown,,6063.115000026301,3_ Emotion & Color Association Phase_ITALIAN,3279794.0
"<p style=""text-align:center;font-size:150%"">VERDE</p>",AFRAID,response_markdown,,5342.189999995753,3_ Emotion & Color Association Phase_ITALIAN,3279794.0
"<p style=""text-align:center;font-size:150%"">ROSSO</p>",ANGRY,response_markdown,,4441.504999995232,3_ Emotion & Color Association Phase_ITALIAN,3279794.0
"<p style=""text-align:center;font-size:150%"">VERDE</p>",SAD,response_markdown,,7802.045000018552,3_ Emotion & Color Association Phase_ITALIAN,3279794.0
"<p style=""text-align:center;font-size:150%"">VIOLA</p>",BORED,response_markdown,,5418.485000031069,3_ Emotion & Color Association Phase_ITALIAN,3279794.0
"<p style=""text-align:center;font-size:150%"">BLU</p>",SURPRISED,response_markdown,,6435.955000109971,3_ Emotion & Color Association Phase_ITALIAN,3279794.0
"<p style=""text-align:center;font-size:150%"">ROSSO</p>",STRESSED,response_markdown,,4245.395000092685,3_ Emotion & Color Association Phase_ITALIAN,3279794.0
"<p style=""text-align:center;font-size:150%"">VIOLA</p>",FRUSTRATED,response_markdown,,4742.194999940693,3_ Emotion & Color Association Phase_ITALIAN,3279794.0
"<p style=""text-align:center;font-size:150%"">ARANCIONE</p>",SERENE,response_markdown,,3667.7600000984967,3_ Emotion & Color Association Phase_ITALIAN,3279794.0
"<p style=""text-align:center;font-size:150%"">BLU</p>",SLEEPY,response_markdown,,4342.105000047013,3_ Emotion & Color Association Phase_ITALIAN,3279794.0
"<p style=""text-align:center;font-size:150%"">VERDE</p>",CALM,response_markdown,,3687.260000035167,3_ Emotion & Color Association Phase_ITALIAN,3279794.0
"<p style=""text-align:center;font-size:150%"">VERDE</p>",ASTONISHED,response_markdown,,6831.930000102148,3_ Emotion & Color Association Phase_ITALIAN,3279794.0
"<p style=""text-align:center;font-size:150%"">BLU</p>",DEPRESSED,response_markdown,,4451.180000090972,3_ Emotion & Color Association Phase_ITALIAN,3279794.0
"<p style=""text-align:center;font-size:150%"">ARANCIONE</p>",EXCITED,response_markdown,,4432.500000111759,3_ Emotion & Color Association Phase_ITALIAN,3279794.0
"<p style=""text-align:center;font-size:150%"">GIALLO</p>",ALARMED,response_markdown,,4384.899999946356,3_ Emotion & Color Association Phase_ITALIAN,3279794.0
"<p style=""text-align:center;font-size:150%"">GIALLO</p>",EXCITED,response_markdown,,17155.75999999419,3_ Emotion & Color Association Phase_ITALIAN,3189694.0
"<p style=""text-align:center;font-size:150%"">ROSSO</p>",ANGRY,response_markdown,,5606.434999965131,3_ Emotion & Color Association Phase_ITALIAN,3189694.0
"<p style=""text-align:center;font-size:150%"">BLU</p>",SAD,response_markdown,,17414.70500000287,3_ Emotion & Color Association Phase_ITALIAN,3189694.0
PURPLE,DISGUSTED,response_markdown,,13769.21499997843,3_ Emotion & Color Association Phase_ITALIAN,3189694.0
"<p style=""text-align:center;font-size:150%"">ARANCIONE</p>",SURPRISED,response_markdown,,6429.780000005849,3_ Emotion & Color Association Phase_ITALIAN,3189694.0
"<p style=""text-align:center;font-size:150%"">VERDE</p>",SERENE,response_markdown,,4488.219999941066,3_ Emotion & Color Association Phase_ITALIAN,3189694.0
"<p style=""text-align:center;font-size:150%"">VIOLA</p>",BORED,response_markdown,,6837.674999958836,3_ Emotion & Color Association Phase_ITALIAN,3189694.0
"<p style=""text-align:center;font-size:150%"">BLU</p>",DEPRESSED,response_markdown,,5327.969999983907,3_ Emotion & Color Association Phase_ITALIAN,3189694.0
"<p style=""text-align:center;font-size:150%"">ARANCIONE</p>",STRESSED,response_markdown,,5526.245000073686,3_ Emotion & Color Association Phase_ITALIAN,3189694.0
"<p style=""text-align:center;font-size:150%"">ROSSO</p>",ALARMED,response_markdown,,5040.464999969117,3_ Emotion & Color Association Phase_ITALIAN,3189694.0
"<p style=""text-align:center;font-size:150%"">GIALLO</p>",ASTONISHED,response_markdown,,4589.770000078715,3_ Emotion & Color Association Phase_ITALIAN,3189694.0
"<p style=""text-align:center;font-size:150%"">VERDE</p>",CALM,response_markdown,,3852.515000035055,3_ Emotion & Color Association Phase_ITALIAN,3189694.0
"<p style=""text-align:center;font-size:150%"">GIALLO</p>",HAPPY,response_markdown,,4741.1550000542775,3_ Emotion & Color Association Phase_ITALIAN,3189694.0
"<p style=""text-align:center;font-size:150%"">ARANCIONE</p>",FRUSTRATED,response_markdown,,5594.595000031404,3_ Emotion & Color Association Phase_ITALIAN,3189694.0
"<p style=""text-align:center;font-size:150%"">GIALLO</p>",SATISFIED,response_markdown,,5017.014999990352,3_ Emotion & Color Association Phase_ITALIAN,3189694.0
"<p style=""text-align:center;font-size:150%"">VIOLA</p>",TIRED,response_markdown,,6552.630000049248,3_ Emotion & Color Association Phase_ITALIAN,3189694.0
"<p style=""text-align:center;font-size:150%"">BLU</p>",SLEEPY,response_markdown,,9320.069999899715,3_ Emotion & Color Association Phase_ITALIAN,3189694.0
"<p style=""text-align:center;font-size:150%"">ROSSO</p>",AFRAID,response_markdown,,7042.445000028238,3_ Emotion & Color Association Phase_ITALIAN,3189694.0
"<p style=""text-align:center;font-size:150%"">BLU</p>",DEPRESSED,response_markdown,,6864.349999988917,3_ Emotion & Color Association Phase_ITALIAN,3186572.0
"<p style=""text-align:center;font-size:150%"">VERDE</p>",AFRAID,response_markdown,,23601.40500002308,3_ Emotion & Color Association Phase_ITALIAN,3186572.0
"<p style=""text-align:center;font-size:150%"">ROSSO</p>",SURPRISED,response_markdown,,112852.95999998924,3_ Emotion & Color Association Phase_ITALIAN,3186572.0
"<p style=""text-align:center;font-size:150%"">BLU</p>",FRUSTRATED,response_markdown,,5886.3450000062585,3_ Emotion & Color Association Phase_ITALIAN,3186572.0
"<p style=""text-align:center;font-size:150%"">VERDE</p>",SERENE,response_markdown,,9555.294999969192,3_ Emotion & Color Association Phase_ITALIAN,3186572.0
"<p style=""text-align:center;font-size:150%"">ROSSO</p>",HAPPY,response_markdown,,4354.214999999385,3_ Emotion & Color Association Phase_ITALIAN,3186572.0
"<p style=""text-align:center;font-size:150%"">VIOLA</p>",TIRED,response_markdown,,21744.730000034902,3_ Emotion & Color Association Phase_ITALIAN,3186572.0
"<p style=""text-align:center;font-size:150%"">BLU</p>",SAD,response_markdown,,4303.345000022091,3_ Emotion & Color Association Phase_ITALIAN,3186572.0
"<p style=""text-align:center;font-size:150%"">ROSSO</p>",ALARMED,response_markdown,,9451.499999966472,3_ Emotion & Color Association Phase_ITALIAN,3186572.0
"<p style=""text-align:center;font-size:150%"">VERDE</p>",SATISFIED,response_markdown,,10155.005000007804,3_ Emotion & Color Association Phase_ITALIAN,3186572.0
"<p style=""text-align:center;font-size:150%"">VERDE</p>",ANGRY,response_markdown,,3984.149999974761,3_ Emotion & Color Association Phase_ITALIAN,3186572.0
"<p style=""text-align:center;font-size:150%"">VIOLA</p>",SLEEPY,response_markdown,,8181.964999996126,3_ Emotion & Color Association Phase_ITALIAN,3186572.0
"<p style=""text-align:center;font-size:150%"">BLU</p>",BORED,response_markdown,,10354.649999993851,3_ Emotion & Color Association Phase_ITALIAN,3186572.0
"<p style=""text-align:center;font-size:150%"">ROSSO</p>",EXCITED,response_markdown,,4284.79000000516,3_ Emotion & Color Association Phase_ITALIAN,3186572.0
"<p style=""text-align:center;font-size:150%"">ROSSO</p>",STRESSED,response_markdown,,6216.465000004973,3_ Emotion & Color Association Phase_ITALIAN,3186572.0
"<p style=""text-align:center;font-size:150%"">ROSSO</p>",ASTONISHED,response_markdown,,7859.884999983478,3_ Emotion & Color Association Phase_ITALIAN,3186572.0
YELLOW,DISGUSTED,response_markdown,,7106.075000017881,3_ Emotion & Color Association Phase_ITALIAN,3186572.0
"<p style=""text-align:center;font-size:150%"">BLU</p>",CALM,response_markdown,,5022.500000020955,3_ Emotion & Color Association Phase_ITALIAN,3186572.0
"<p style=""text-align:center;font-size:150%"">BLU</p>",SERENE,response_markdown,,7389.215000031982,3_ Emotion & Color Association Phase_ITALIAN,3105330.0
"<p style=""text-align:center;font-size:150%"">ROSSO</p>",FRUSTRATED,response_markdown,,7280.614999996033,3_ Emotion & Color Association Phase_ITALIAN,3105330.0
"<p style=""text-align:center;font-size:150%"">ROSSO</p>",ANGRY,response_markdown,,3415.859999950044,3_ Emotion & Color Association Phase_ITALIAN,3105330.0
"<p style=""text-align:center;font-size:150%"">BLU</p>",SLEEPY,response_markdown,,10121.444999997038,3_ Emotion & Color Association Phase_ITALIAN,3105330.0
"<p style=""text-align:center;font-size:150%"">BLU</p>",CALM,response_markdown,,5416.270000045188,3_ Emotion & Color Association Phase_ITALIAN,3105330.0
"<p style=""text-align:center;font-size:150%"">VERDE</p>",EXCITED,response_markdown,,5586.004999990109,3_ Emotion & Color Association Phase_ITALIAN,3105330.0
"<p style=""text-align:center;font-size:150%"">VIOLA</p>",STRESSED,response_markdown,,5988.400000031106,3_ Emotion & Color Association Phase_ITALIAN,3105330.0
"<p style=""text-align:center;font-size:150%"">GIALLO</p>",AFRAID,response_markdown,,5354.330000001937,3_ Emotion & Color Association Phase_ITALIAN,3105330.0
"<p style=""text-align:center;font-size:150%"">VIOLA</p>",ASTONISHED,response_markdown,,7558.804999978747,3_ Emotion & Color Association Phase_ITALIAN,3105330.0
"<p style=""text-align:center;font-size:150%"">ROSSO</p>",ALARMED,response_markdown,,4235.925000044517,3_ Emotion & Color Association Phase_ITALIAN,3105330.0
"<p style=""text-align:center;font-size:150%"">GIALLO</p>",SAD,response_markdown,,4269.16500000516,3_ Emotion & Color Association Phase_ITALIAN,3105330.0
PURPLE,DISGUSTED,response_markdown,,5781.244999961928,3_ Emotion & Color Association Phase_ITALIAN,3105330.0
"<p style=""text-align:center;font-size:150%"">BLU</p>",SATISFIED,response_markdown,,4141.850000014529,3_ Emotion & Color Association Phase_ITALIAN,3105330.0
"<p style=""text-align:center;font-size:150%"">GIALLO</p>",BORED,response_markdown,,4034.7799999872223,3_ Emotion & Color Association Phase_ITALIAN,3105330.0
"<p style=""text-align:center;font-size:150%"">GIALLO</p>",DEPRESSED,response_markdown,,5139.469999994617,3_ Emotion & Color Association Phase_ITALIAN,3105330.0
"<p style=""text-align:center;font-size:150%"">VERDE</p>",SURPRISED,response_markdown,,4695.750000013504,3_ Emotion & Color Association Phase_ITALIAN,3105330.0
"<p style=""text-align:center;font-size:150%"">BLU</p>",HAPPY,response_markdown,,4878.575000038836,3_ Emotion & Color Association Phase_ITALIAN,3105330.0
"<p style=""text-align:center;font-size:150%"">GIALLO</p>",TIRED,response_markdown,,4125.035000033677,3_ Emotion & Color Association Phase_ITALIAN,3105330.0
"<p style=""text-align:center;font-size:150%"">BLU</p>",SAD,response_markdown,,12512.830000006945,3_ Emotion & Color Association Phase_ITALIAN,3088449.0
"<p style=""text-align:center;font-size:150%"">ARANCIONE</p>",ASTONISHED,response_markdown,,4686.419999998179,3_ Emotion & Color Association Phase_ITALIAN,3088449.0
"<p style=""text-align:center;font-size:150%"">GIALLO</p>",BORED,response_markdown,,4583.125000004657,3_ Emotion & Color Association Phase_ITALIAN,3088449.0
"<p style=""text-align:center;font-size:150%"">GIALLO</p>",DEPRESSED,response_markdown,,4214.000000007218,3_ Emotion & Color Association Phase_ITALIAN,3088449.0
"<p style=""text-align:center;font-size:150%"">VIOLA</p>",SURPRISED,response_markdown,,5024.770000003628,3_ Emotion & Color Association Phase_ITALIAN,3088449.0
"<p style=""text-align:center;font-size:150%"">VIOLA</p>",FRUSTRATED,response_markdown,,20338.120000000345,3_ Emotion & Color Association Phase_ITALIAN,3088449.0
"<p style=""text-align:center;font-size:150%"">ROSSO</p>",STRESSED,response_markdown,,5499.424999987241,3_ Emotion & Color Association Phase_ITALIAN,3088449.0
"<p style=""text-align:center;font-size:150%"">VERDE</p>",HAPPY,response_markdown,,3589.284999994561,3_ Emotion & Color Association Phase_ITALIAN,3088449.0
"<p style=""text-align:center;font-size:150%"">VERDE</p>",SERENE,response_markdown,,3813.3299999899455,3_ Emotion & Color Association Phase_ITALIAN,3088449.0
PURPLE,DISGUSTED,response_markdown,,6405.685000005178,3_ Emotion & Color Association Phase_ITALIAN,3088449.0
"<p style=""text-align:center;font-size:150%"">VERDE</p>",SATISFIED,response_markdown,,10131.204999997864,3_ Emotion & Color Association Phase_ITALIAN,3088449.0
"<p style=""text-align:center;font-size:150%"">GIALLO</p>",CALM,response_markdown,,3938.125000000582,3_ Emotion & Color Association Phase_ITALIAN,3088449.0
"<p style=""text-align:center;font-size:150%"">ARANCIONE</p>",SLEEPY,response_markdown,,7192.670000004,3_ Emotion & Color Association Phase_ITALIAN,3088449.0
"<p style=""text-align:center;font-size:150%"">BLU</p>",EXCITED,response_markdown,,4316.365000006044,3_ Emotion & Color Association Phase_ITALIAN,3088449.0
"<p style=""text-align:center;font-size:150%"">VIOLA</p>",TIRED,response_markdown,,5619.0500000084285,3_ Emotion & Color Association Phase_ITALIAN,3088449.0
"<p style=""text-align:center;font-size:150%"">ROSSO</p>",ANGRY,response_markdown,,5334.584999989602,3_ Emotion & Color Association Phase_ITALIAN,3088449.0
"<p style=""text-align:center;font-size:150%"">ROSSO</p>",AFRAID,response_markdown,,5778.355000002193,3_ Emotion & Color Association Phase_ITALIAN,3088449.0
"<p style=""text-align:center;font-size:150%"">VIOLA</p>",ALARMED,response_markdown,,4268.435000005411,3_ Emotion & Color Association Phase_ITALIAN,3088449.0
"<p style=""text-align:center;font-size:150%"">VERDE</p>",SERENE,response_markdown,,6231.154999986757,3_ Emotion & Color Association Phase_ITALIAN,3062230.0
"<p style=""text-align:center;font-size:150%"">VIOLA</p>",AFRAID,response_markdown,,5933.465000009164,3_ Emotion & Color Association Phase_ITALIAN,3062230.0
"<p style=""text-align:center;font-size:150%"">ROSSO</p>",EXCITED,response_markdown,,4042.1149999601766,3_ Emotion & Color Association Phase_ITALIAN,3062230.0
"<p style=""text-align:center;font-size:150%"">BLU</p>",BORED,response_markdown,,8554.250000044703,3_ Emotion & Color Association Phase_ITALIAN,3062230.0
"<p style=""text-align:center;font-size:150%"">BLU</p>",SLEEPY,response_markdown,,4213.7300000176765,3_ Emotion & Color Association Phase_ITALIAN,3062230.0
"<p style=""text-align:center;font-size:150%"">VIOLA</p>",DEPRESSED,response_markdown,,3413.800000038464,3_ Emotion & Color Association Phase_ITALIAN,3062230.0
"<p style=""text-align:center;font-size:150%"">VIOLA</p>",STRESSED,response_markdown,,4004.799999995157,3_ Emotion & Color Association Phase_ITALIAN,3062230.0
"<p style=""text-align:center;font-size:150%"">VIOLA</p>",SAD,response_markdown,,5019.655000010971,3_ Emotion & Color Association Phase_ITALIAN,3062230.0
"<p style=""text-align:center;font-size:150%"">BLU</p>",TIRED,response_markdown,,5119.415000022855,3_ Emotion & Color Association Phase_ITALIAN,3062230.0
"<p style=""text-align:center;font-size:150%"">VIOLA</p>",FRUSTRATED,response_markdown,,3682.809999969322,3_ Emotion & Color Association Phase_ITALIAN,3062230.0
PURPLE,DISGUSTED,response_markdown,,4466.05000004638,3_ Emotion & Color Association Phase_ITALIAN,3062230.0
"<p style=""text-align:center;font-size:150%"">ARANCIONE</p>",SURPRISED,response_markdown,,4873.245000024326,3_ Emotion & Color Association Phase_ITALIAN,3062230.0
"<p style=""text-align:center;font-size:150%"">VERDE</p>",CALM,response_markdown,,3294.960000028368,3_ Emotion & Color Association Phase_ITALIAN,3062230.0
"<p style=""text-align:center;font-size:150%"">ARANCIONE</p>",ALARMED,response_markdown,,3772.174999990966,3_ Emotion & Color Association Phase_ITALIAN,3062230.0
"<p style=""text-align:center;font-size:150%"">ARANCIONE</p>",ASTONISHED,response_markdown,,3816.079999960493,3_ Emotion & Color Association Phase_ITALIAN,3062230.0
"<p style=""text-align:center;font-size:150%"">ROSSO</p>",SATISFIED,response_markdown,,3715.175000019372,3_ Emotion & Color Association Phase_ITALIAN,3062230.0
"<p style=""text-align:center;font-size:150%"">ROSSO</p>",HAPPY,response_markdown,,3245.1949999667704,3_ Emotion & Color Association Phase_ITALIAN,3062230.0
"<p style=""text-align:center;font-size:150%"">VIOLA</p>",ANGRY,response_markdown,,3903.2749999896623,3_ Emotion & Color Association Phase_ITALIAN,3062230.0
"<p style=""text-align:center;font-size:150%"">ARANCIONE</p>",STRESSED,response_markdown,,26449.60500000161,3_ Emotion & Color Association Phase_ITALIAN,2862992.0
"<p style=""text-align:center;font-size:150%"">VERDE</p>",SURPRISED,response_markdown,,6031.914999999572,3_ Emotion & Color Association Phase_ITALIAN,2862992.0
"<p style=""text-align:center;font-size:150%"">VIOLA</p>",EXCITED,response_markdown,,4515.255000005709,3_ Emotion & Color Association Phase_ITALIAN,2862992.0
"<p style=""text-align:center;font-size:150%"">GIALLO</p>",DEPRESSED,response_markdown,,7227.004999993369,3_ Emotion & Color Association Phase_ITALIAN,2862992.0
"<p style=""text-align:center;font-size:150%"">VIOLA</p>",ANGRY,response_markdown,,5229.655000002822,3_ Emotion & Color Association Phase_ITALIAN,2862992.0
"<p style=""text-align:center;font-size:150%"">BLU</p>",CALM,response_markdown,,6038.1950000009965,3_ Emotion & Color Association Phase_ITALIAN,2862992.0
"<p style=""text-align:center;font-size:150%"">ROSSO</p>",FRUSTRATED,response_markdown,,6688.0050000036135,3_ Emotion & Color Association Phase_ITALIAN,2862992.0
"<p style=""text-align:center;font-size:150%"">ROSSO</p>",ALARMED,response_markdown,,4767.504999996163,3_ Emotion & Color Association Phase_ITALIAN,2862992.0
"<p style=""text-align:center;font-size:150%"">VERDE</p>",HAPPY,response_markdown,,4321.07000000542,3_ Emotion & Color Association Phase_ITALIAN,2862992.0
"<p style=""text-align:center;font-size:150%"">ARANCIONE</p>",SAD,response_markdown,,6079.534999997122,3_ Emotion & Color Association Phase_ITALIAN,2862992.0
"<p style=""text-align:center;font-size:150%"">VERDE</p>",SATISFIED,response_markdown,,6087.149999977555,3_ Emotion & Color Association Phase_ITALIAN,2862992.0
"<p style=""text-align:center;font-size:150%"">ROSSO</p>",TIRED,response_markdown,,9634.805000008782,3_ Emotion & Color Association Phase_ITALIAN,2862992.0
"<p style=""text-align:center;font-size:150%"">BLU</p>",ASTONISHED,response_markdown,,5254.870000004303,3_ Emotion & Color Association Phase_ITALIAN,2862992.0
"<p style=""text-align:center;font-size:150%"">ARANCIONE</p>",BORED,response_markdown,,6284.205000003567,3_ Emotion & Color Association Phase_ITALIAN,2862992.0
"<p style=""text-align:center;font-size:150%"">ROSSO</p>",AFRAID,response_markdown,,8036.694999987958,3_ Emotion & Color Association Phase_ITALIAN,2862992.0
"<p style=""text-align:center;font-size:150%"">BLU</p>",SERENE,response_markdown,,7470.009999989998,3_ Emotion & Color Association Phase_ITALIAN,2862992.0
YELLOW,DISGUSTED,response_markdown,,6033.640000008745,3_ Emotion & Color Association Phase_ITALIAN,2862992.0
"<p style=""text-align:center;font-size:150%"">VIOLA</p>",SLEEPY,response_markdown,,5013.185000017984,3_ Emotion & Color Association Phase_ITALIAN,2862992.0
"<p style=""text-align:center;font-size:150%"">BLU</p>",SURPRISED,response_markdown,,14693.934999988414,3_ Emotion & Color Association Phase_ITALIAN,2837395.0
"<p style=""text-align:center;font-size:150%"">VERDE</p>",CALM,response_markdown,,6614.775000023656,3_ Emotion & Color Association Phase_ITALIAN,2837395.0
"<p style=""text-align:center;font-size:150%"">VIOLA</p>",BORED,response_markdown,,6507.374999928288,3_ Emotion & Color Association Phase_ITALIAN,2837395.0
"<p style=""text-align:center;font-size:150%"">BLU</p>",ASTONISHED,response_markdown,,4178.835000027902,3_ Emotion & Color Association Phase_ITALIAN,2837395.0
"<p style=""text-align:center;font-size:150%"">ROSSO</p>",AFRAID,response_markdown,,6983.795000007376,3_ Emotion & Color Association Phase_ITALIAN,2837395.0
"<p style=""text-align:center;font-size:150%"">ROSSO</p>",FRUSTRATED,response_markdown,,4708.299999940209,3_ Emotion & Color Association Phase_ITALIAN,2837395.0
"<p style=""text-align:center;font-size:150%"">VIOLA</p>",TIRED,response_markdown,,6019.800000009127,3_ Emotion & Color Association Phase_ITALIAN,2837395.0
"<p style=""text-align:center;font-size:150%"">VERDE</p>",SLEEPY,response_markdown,,9416.345000034198,3_ Emotion & Color Association Phase_ITALIAN,2837395.0
"<p style=""text-align:center;font-size:150%"">BLU</p>",SATISFIED,response_markdown,,6988.235000055283,3_ Emotion & Color Association Phase_ITALIAN,2837395.0
"<p style=""text-align:center;font-size:150%"">VIOLA</p>",DEPRESSED,response_markdown,,4869.984999997541,3_ Emotion & Color Association Phase_ITALIAN,2837395.0
"<p style=""text-align:center;font-size:150%"">ROSSO</p>",ANGRY,response_markdown,,7217.004999984056,3_ Emotion & Color Association Phase_ITALIAN,2837395.0
"<p style=""text-align:center;font-size:150%"">VIOLA</p>",EXCITED,response_markdown,,11207.135000033304,3_ Emotion & Color Association Phase_ITALIAN,2837395.0
"<p style=""text-align:center;font-size:150%"">ARANCIONE</p>",SAD,response_markdown,,4481.2099999981,3_ Emotion & Color Association Phase_ITALIAN,2837395.0
"<p style=""text-align:center;font-size:150%"">VERDE</p>",SERENE,response_markdown,,3957.509999978356,3_ Emotion & Color Association Phase_ITALIAN,2837395.0
"<p style=""text-align:center;font-size:150%"">ROSSO</p>",STRESSED,response_markdown,,4665.135000017472,3_ Emotion & Color Association Phase_ITALIAN,2837395.0
"<p style=""text-align:center;font-size:150%"">VIOLA</p>",HAPPY,response_markdown,,8161.305000074208,3_ Emotion & Color Association Phase_ITALIAN,2837395.0
"<p style=""text-align:center;font-size:150%"">ROSSO</p>",ALARMED,response_markdown,,7701.389999943785,3_ Emotion & Color Association Phase_ITALIAN,2837395.0
RED,DISGUSTED,response_markdown,,6180.150000029244,3_ Emotion & Color Association Phase_ITALIAN,2837395.0
"<p style=""text-align:center;font-size:150%"">BLU</p>",SATISFIED,response_markdown,,15330.604999999196,3_ Emotion & Color Association Phase_ITALIAN,2755031.0
"<p style=""text-align:center;font-size:150%"">VIOLA</p>",FRUSTRATED,response_markdown,,6232.254999998986,3_ Emotion & Color Association Phase_ITALIAN,2755031.0
"<p style=""text-align:center;font-size:150%"">ARANCIONE</p>",ALARMED,response_markdown,,5799.984999999637,3_ Emotion & Color Association Phase_ITALIAN,2755031.0
"<p style=""text-align:center;font-size:150%"">VERDE</p>",SURPRISED,response_markdown,,5173.415000001114,3_ Emotion & Color Association Phase_ITALIAN,2755031.0
"<p style=""text-align:center;font-size:150%"">GIALLO</p>",SLEEPY,response_markdown,,16133.975000000675,3_ Emotion & Color Association Phase_ITALIAN,2755031.0
"<p style=""text-align:center;font-size:150%"">ROSSO</p>",EXCITED,response_markdown,,5493.914999999106,3_ Emotion & Color Association Phase_ITALIAN,2755031.0
"<p style=""text-align:center;font-size:150%"">VIOLA</p>",BORED,response_markdown,,4961.414999999746,3_ Emotion & Color Association Phase_ITALIAN,2755031.0
"<p style=""text-align:center;font-size:150%"">BLU</p>",CALM,response_markdown,,5473.094999999361,3_ Emotion & Color Association Phase_ITALIAN,2755031.0
"<p style=""text-align:center;font-size:150%"">VIOLA</p>",DEPRESSED,response_markdown,,4041.390000000334,3_ Emotion & Color Association Phase_ITALIAN,2755031.0
"<p style=""text-align:center;font-size:150%"">ARANCIONE</p>",STRESSED,response_markdown,,4284.76499999853,3_ Emotion & Color Association Phase_ITALIAN,2755031.0
"<p style=""text-align:center;font-size:150%"">VERDE</p>",TIRED,response_markdown,,4719.605000000243,3_ Emotion & Color Association Phase_ITALIAN,2755031.0
"<p style=""text-align:center;font-size:150%"">ROSSO</p>",ANGRY,response_markdown,,6308.404999999766,3_ Emotion & Color Association Phase_ITALIAN,2755031.0
"<p style=""text-align:center;font-size:150%"">GIALLO</p>",SERENE,response_markdown,,5206.869999999966,3_ Emotion & Color Association Phase_ITALIAN,2755031.0
PURPLE,DISGUSTED,response_markdown,,6461.5149999990535,3_ Emotion & Color Association Phase_ITALIAN,2755031.0
"<p style=""text-align:center;font-size:150%"">ARANCIONE</p>",SAD,response_markdown,,3624.819999999076,3_ Emotion & Color Association Phase_ITALIAN,2755031.0
"<p style=""text-align:center;font-size:150%"">ROSSO</p>",AFRAID,response_markdown,,4551.154999999213,3_ Emotion & Color Association Phase_ITALIAN,2755031.0
"<p style=""text-align:center;font-size:150%"">VERDE</p>",ASTONISHED,response_markdown,,5300.965000000375,3_ Emotion & Color Association Phase_ITALIAN,2755031.0
"<p style=""text-align:center;font-size:150%"">BLU</p>",HAPPY,response_markdown,,4524.954999998969,3_ Emotion & Color Association Phase_ITALIAN,2755031.0
PURPLE,DISGUSTED,response_markdown,,43233.79999999997,3_ Emotion & Color Association Phase_ITALIAN,2668045.0
"<p style=""text-align:center;font-size:150%"">VERDE</p>",ASTONISHED,response_markdown,,9408.284999999523,3_ Emotion & Color Association Phase_ITALIAN,2668045.0
"<p style=""text-align:center;font-size:150%"">VIOLA</p>",STRESSED,response_markdown,,9215.61499999916,3_ Emotion & Color Association Phase_ITALIAN,2668045.0
"<p style=""text-align:center;font-size:150%"">GIALLO</p>",AFRAID,response_markdown,,7180.1699999996345,3_ Emotion & Color Association Phase_ITALIAN,2668045.0
"<p style=""text-align:center;font-size:150%"">VERDE</p>",SATISFIED,response_markdown,,6883.679999999004,3_ Emotion & Color Association Phase_ITALIAN,2668045.0
"<p style=""text-align:center;font-size:150%"">VIOLA</p>",SAD,response_markdown,,6056.219999998575,3_ Emotion & Color Association Phase_ITALIAN,2668045.0
"<p style=""text-align:center;font-size:150%"">ROSSO</p>",FRUSTRATED,response_markdown,,8668.854999999894,3_ Emotion & Color Association Phase_ITALIAN,2668045.0
"<p style=""text-align:center;font-size:150%"">GIALLO</p>",DEPRESSED,response_markdown,,5400.970000000583,3_ Emotion & Color Association Phase_ITALIAN,2668045.0
"<p style=""text-align:center;font-size:150%"">ROSSO</p>",ANGRY,response_markdown,,4769.604999999487,3_ Emotion & Color Association Phase_ITALIAN,2668045.0
"<p style=""text-align:center;font-size:150%"">VERDE</p>",SURPRISED,response_markdown,,8878.045000001293,3_ Emotion & Color Association Phase_ITALIAN,2668045.0
"<p style=""text-align:center;font-size:150%"">VERDE</p>",HAPPY,response_markdown,,4824.640000000742,3_ Emotion & Color Association Phase_ITALIAN,2668045.0
"<p style=""text-align:center;font-size:150%"">GIALLO</p>",TIRED,response_markdown,,6759.309999999474,3_ Emotion & Color Association Phase_ITALIAN,2668045.0
"<p style=""text-align:center;font-size:150%"">ARANCIONE</p>",SLEEPY,response_markdown,,8728.850000001315,3_ Emotion & Color Association Phase_ITALIAN,2668045.0
"<p style=""text-align:center;font-size:150%"">ARANCIONE</p>",ALARMED,response_markdown,,9654.569999998785,3_ Emotion & Color Association Phase_ITALIAN,2668045.0
"<p style=""text-align:center;font-size:150%"">BLU</p>",CALM,response_markdown,,6617.799999999988,3_ Emotion & Color Association Phase_ITALIAN,2668045.0
"<p style=""text-align:center;font-size:150%"">VERDE</p>",EXCITED,response_markdown,,5447.824999999284,3_ Emotion & Color Association Phase_ITALIAN,2668045.0
"<p style=""text-align:center;font-size:150%"">BLU</p>",SERENE,response_markdown,,4750.730000001582,3_ Emotion & Color Association Phase_ITALIAN,2668045.0
"<p style=""text-align:center;font-size:150%"">GIALLO</p>",BORED,response_markdown,,7434.549999999959,3_ Emotion & Color Association Phase_ITALIAN,2668045.0
"<p style=""text-align:center;font-size:150%"">BLU</p>",SLEEPY,response_markdown,,12673.655000000052,3_ Emotion & Color Association Phase_ITALIAN,2362233.0
"<p style=""text-align:center;font-size:150%"">VIOLA</p>",BORED,response_markdown,,8354.395000000299,3_ Emotion & Color Association Phase_ITALIAN,2362233.0
"<p style=""text-align:center;font-size:150%"">ROSSO</p>",SERENE,response_markdown,,4751.650000000154,3_ Emotion & Color Association Phase_ITALIAN,2362233.0
GREEN,DISGUSTED,response_markdown,,7476.235000000088,3_ Emotion & Color Association Phase_ITALIAN,2362233.0
"<p style=""text-align:center;font-size:150%"">VERDE</p>",DEPRESSED,response_markdown,,5688.599999999948,3_ Emotion & Color Association Phase_ITALIAN,2362233.0
"<p style=""text-align:center;font-size:150%"">BLU</p>",TIRED,response_markdown,,9737.435000000012,3_ Emotion & Color Association Phase_ITALIAN,2362233.0
"<p style=""text-align:center;font-size:150%"">GIALLO</p>",SURPRISED,response_markdown,,4491.74999999968,3_ Emotion & Color Association Phase_ITALIAN,2362233.0
"<p style=""text-align:center;font-size:150%"">ROSSO</p>",ANGRY,response_markdown,,5052.229999999778,3_ Emotion & Color Association Phase_ITALIAN,2362233.0
"<p style=""text-align:center;font-size:150%"">ARANCIONE</p>",SATISFIED,response_markdown,,4521.760000000082,3_ Emotion & Color Association Phase_ITALIAN,2362233.0
"<p style=""text-align:center;font-size:150%"">GIALLO</p>",HAPPY,response_markdown,,3816.170000000057,3_ Emotion & Color Association Phase_ITALIAN,2362233.0
"<p style=""text-align:center;font-size:150%"">VERDE</p>",ASTONISHED,response_markdown,,5278.090000000244,3_ Emotion & Color Association Phase_ITALIAN,2362233.0
"<p style=""text-align:center;font-size:150%"">VIOLA</p>",SAD,response_markdown,,3735.990000000136,3_ Emotion & Color Association Phase_ITALIAN,2362233.0
"<p style=""text-align:center;font-size:150%"">VIOLA</p>",FRUSTRATED,response_markdown,,4165.434999999881,3_ Emotion & Color Association Phase_ITALIAN,2362233.0
"<p style=""text-align:center;font-size:150%"">VIOLA</p>",ALARMED,response_markdown,,4361.415000000299,3_ Emotion & Color Association Phase_ITALIAN,2362233.0
"<p style=""text-align:center;font-size:150%"">VERDE</p>",STRESSED,response_markdown,,6115.345000000176,3_ Emotion & Color Association Phase_ITALIAN,2362233.0
"<p style=""text-align:center;font-size:150%"">GIALLO</p>",CALM,response_markdown,,4254.379999999859,3_ Emotion & Color Association Phase_ITALIAN,2362233.0
"<p style=""text-align:center;font-size:150%"">ROSSO</p>",AFRAID,response_markdown,,9932.42499999996,3_ Emotion & Color Association Phase_ITALIAN,2362233.0
"<p style=""text-align:center;font-size:150%"">ARANCIONE</p>",EXCITED,response_markdown,,3539.409999999887,3_ Emotion & Color Association Phase_ITALIAN,2362233.0
PURPLE,FRUSTRATED,response_markdown,,8209.240000000136,3_ Emotion & Color Association Phase_ITALIAN,2258610.0
RED,TIRED,response_markdown,,4426.335000000108,3_ Emotion & Color Association Phase_ITALIAN,2258610.0
RED,ANGRY,response_markdown,,4951.380000000434,3_ Emotion & Color Association Phase_ITALIAN,2258610.0
ORANGE,SAD,response_markdown,,8219.460000000254,3_ Emotion & Color Association Phase_ITALIAN,2258610.0
GREEN,SATISFIED,response_markdown,,3879.405000000144,3_ Emotion & Color Association Phase_ITALIAN,2258610.0
YELLOW,SERENE,response_markdown,,3750.7300000002,3_ Emotion & Color Association Phase_ITALIAN,2258610.0
ORANGE,ALARMED,response_markdown,,3110.909999999887,3_ Emotion & Color Association Phase_ITALIAN,2258610.0
PURPLE,ASTONISHED,response_markdown,,3206.694999999847,3_ Emotion & Color Association Phase_ITALIAN,2258610.0
RED,SLEEPY,response_markdown,,3232.0199999999318,3_ Emotion & Color Association Phase_ITALIAN,2258610.0
RED,DISGUSTED,response_markdown,,2800.654999999999,3_ Emotion & Color Association Phase_ITALIAN,2258610.0
BLUE,EXCITED,response_markdown,,2710.334999999759,3_ Emotion & Color Association Phase_ITALIAN,2258610.0
PURPLE,SURPRISED,response_markdown,,3184.4500000001863,3_ Emotion & Color Association Phase_ITALIAN,2258610.0
ORANGE,AFRAID,response_markdown,,5699.605000000243,3_ Emotion & Color Association Phase_ITALIAN,2258610.0
RED,DEPRESSED,response_markdown,,3586.934999999794,3_ Emotion & Color Association Phase_ITALIAN,2258610.0
ORANGE,BORED,response_markdown,,3162.000000000262,3_ Emotion & Color Association Phase_ITALIAN,2258610.0
BLUE,CALM,response_markdown,,3611.08999999988,3_ Emotion & Color Association Phase_ITALIAN,2258610.0
ORANGE,STRESSED,response_markdown,,3486.2700000003388,3_ Emotion & Color Association Phase_ITALIAN,2258610.0
GREEN,HAPPY,response_markdown,,3932.2999999999593,3_ Emotion & Color Association Phase_ITALIAN,2258610.0
YELLOW,EXCITED,response_markdown,,45216.42499999143,3_ Emotion & Color Association Phase_ITALIAN,2244335.0
BLUE,CALM,response_markdown,,53625.25000004098,3_ Emotion & Color Association Phase_ITALIAN,2244335.0
RED,HAPPY,response_markdown,,14679.309999977704,3_ Emotion & Color Association Phase_ITALIAN,2244335.0
BLUE,BORED,response_markdown,,6889.860000053886,3_ Emotion & Color Association Phase_ITALIAN,2244335.0
BLUE,DEPRESSED,response_markdown,,6216.099999961443,3_ Emotion & Color Association Phase_ITALIAN,2244335.0
PURPLE,STRESSED,response_markdown,,11738.049999985378,3_ Emotion & Color Association Phase_ITALIAN,2244335.0
ORANGE,SLEEPY,response_markdown,,4587.999999988824,3_ Emotion & Color Association Phase_ITALIAN,2244335.0
BLUE,SAD,response_markdown,,6001.040000002831,3_ Emotion & Color Association Phase_ITALIAN,2244335.0
PURPLE,FRUSTRATED,response_markdown,,12238.794999953823,3_ Emotion & Color Association Phase_ITALIAN,2244335.0
PURPLE,AFRAID,response_markdown,,7091.145000013057,3_ Emotion & Color Association Phase_ITALIAN,2244335.0
BLUE,TIRED,response_markdown,,1133.2450000336394,3_ Emotion & Color Association Phase_ITALIAN,2244335.0
PURPLE,DISGUSTED,response_markdown,,6960.844999994151,3_ Emotion & Color Association Phase_ITALIAN,2244335.0
PURPLE,ANGRY,response_markdown,,5174.055000010412,3_ Emotion & Color Association Phase_ITALIAN,2244335.0
PURPLE,ALARMED,response_markdown,,3066.359999997076,3_ Emotion & Color Association Phase_ITALIAN,2244335.0
GREEN,SERENE,response_markdown,,3796.2850000476474,3_ Emotion & Color Association Phase_ITALIAN,2244335.0
GREEN,SATISFIED,response_markdown,,6501.599999959581,3_ Emotion & Color Association Phase_ITALIAN,2244335.0
ORANGE,ASTONISHED,response_markdown,,4548.584999982268,3_ Emotion & Color Association Phase_ITALIAN,2244335.0
GREEN,SURPRISED,response_markdown,,8430.795000051148,3_ Emotion & Color Association Phase_ITALIAN,2244335.0
"<p style=""text-align:center;font-size:150%"">VIOLA</p>",SAD,response_markdown,,5578.570000012405,3_ Emotion & Color Association Phase_ITALIAN,2324228.0
"<p style=""text-align:center;font-size:150%"">GIALLO</p>",SLEEPY,response_markdown,,5995.534999994561,3_ Emotion & Color Association Phase_ITALIAN,2324228.0
"<p style=""text-align:center;font-size:150%"">ARANCIONE</p>",SURPRISED,response_markdown,,5894.575000042096,3_ Emotion & Color Association Phase_ITALIAN,2324228.0
"<p style=""text-align:center;font-size:150%"">VIOLA</p>",FRUSTRATED,response_markdown,,4276.284999970812,3_ Emotion & Color Association Phase_ITALIAN,2324228.0
"<p style=""text-align:center;font-size:150%"">ROSSO</p>",ALARMED,response_markdown,,3912.7299999818206,3_ Emotion & Color Association Phase_ITALIAN,2324228.0
"<p style=""text-align:center;font-size:150%"">BLU</p>",SERENE,response_markdown,,5121.830000018235,3_ Emotion & Color Association Phase_ITALIAN,2324228.0
"<p style=""text-align:center;font-size:150%"">GIALLO</p>",AFRAID,response_markdown,,14075.940000009725,3_ Emotion & Color Association Phase_ITALIAN,2324228.0
"<p style=""text-align:center;font-size:150%"">GIALLO</p>",ANGRY,response_markdown,,3045.375000045169,3_ Emotion & Color Association Phase_ITALIAN,2324228.0
YELLOW,DISGUSTED,response_markdown,,16247.649999975692,3_ Emotion & Color Association Phase_ITALIAN,2324228.0
"<p style=""text-align:center;font-size:150%"">BLU</p>",SATISFIED,response_markdown,,4721.699999994598,3_ Emotion & Color Association Phase_ITALIAN,2324228.0
"<p style=""text-align:center;font-size:150%"">VIOLA</p>",TIRED,response_markdown,,5714.379999961238,3_ Emotion & Color Association Phase_ITALIAN,2324228.0
"<p style=""text-align:center;font-size:150%"">ARANCIONE</p>",ASTONISHED,response_markdown,,5180.250000033993,3_ Emotion & Color Association Phase_ITALIAN,2324228.0
"<p style=""text-align:center;font-size:150%"">BLU</p>",EXCITED,response_markdown,,10237.395000003744,3_ Emotion & Color Association Phase_ITALIAN,2324228.0
"<p style=""text-align:center;font-size:150%"">VIOLA</p>",STRESSED,response_markdown,,4392.725000041537,3_ Emotion & Color Association Phase_ITALIAN,2324228.0
"<p style=""text-align:center;font-size:150%"">VIOLA</p>",BORED,response_markdown,,4161.070000031032,3_ Emotion & Color Association Phase_ITALIAN,2324228.0
"<p style=""text-align:center;font-size:150%"">BLU</p>",CALM,response_markdown,,5672.190000012051,3_ Emotion & Color Association Phase_ITALIAN,2324228.0
"<p style=""text-align:center;font-size:150%"">VERDE</p>",HAPPY,response_markdown,,4959.199999982957,3_ Emotion & Color Association Phase_ITALIAN,2324228.0
"<p style=""text-align:center;font-size:150%"">VIOLA</p>",DEPRESSED,response_markdown,,3229.5000000158325,3_ Emotion & Color Association Phase_ITALIAN,2324228.0
"<p style=""text-align:center;font-size:150%"">GIALLO</p>",HAPPY,response_markdown,,8420.5149999907,3_ Emotion & Color Association Phase_ITALIAN,2191210.0
"<p style=""text-align:center;font-size:150%"">ARANCIONE</p>",SATISFIED,response_markdown,,7791.479999999865,3_ Emotion & Color Association Phase_ITALIAN,2191210.0
"<p style=""text-align:center;font-size:150%"">VERDE</p>",DEPRESSED,response_markdown,,7990.259999991395,3_ Emotion & Color Association Phase_ITALIAN,2191210.0
"<p style=""text-align:center;font-size:150%"">VIOLA</p>",STRESSED,response_markdown,,5557.730000000447,3_ Emotion & Color Association Phase_ITALIAN,2191210.0
"<p style=""text-align:center;font-size:150%"">ROSSO</p>",ALARMED,response_markdown,,5114.385000008042,3_ Emotion & Color Association Phase_ITALIAN,2191210.0
"<p style=""text-align:center;font-size:150%"">BLU</p>",CALM,response_markdown,,4815.445000000182,3_ Emotion & Color Association Phase_ITALIAN,2191210.0
"<p style=""text-align:center;font-size:150%"">ROSSO</p>",SERENE,response_markdown,,4767.13499998732,3_ Emotion & Color Association Phase_ITALIAN,2191210.0
"<p style=""text-align:center;font-size:150%"">VERDE</p>",SURPRISED,response_markdown,,5119.714999993448,3_ Emotion & Color Association Phase_ITALIAN,2191210.0
"<p style=""text-align:center;font-size:150%"">GIALLO</p>",EXCITED,response_markdown,,6353.415000005043,3_ Emotion & Color Association Phase_ITALIAN,2191210.0
"<p style=""text-align:center;font-size:150%"">GIALLO</p>",BORED,response_markdown,,6174.084999991464,3_ Emotion & Color Association Phase_ITALIAN,2191210.0
"<p style=""text-align:center;font-size:150%"">ROSSO</p>",ASTONISHED,response_markdown,,5533.324999996694,3_ Emotion & Color Association Phase_ITALIAN,2191210.0
"<p style=""text-align:center;font-size:150%"">VIOLA</p>",SAD,response_markdown,,4375.440000003437,3_ Emotion & Color Association Phase_ITALIAN,2191210.0
"<p style=""text-align:center;font-size:150%"">ROSSO</p>",AFRAID,response_markdown,,5038.764999990235,3_ Emotion & Color Association Phase_ITALIAN,2191210.0
"<p style=""text-align:center;font-size:150%"">ARANCIONE</p>",FRUSTRATED,response_markdown,,5703.985000000102,3_ Emotion & Color Association Phase_ITALIAN,2191210.0
"<p style=""text-align:center;font-size:150%"">VERDE</p>",TIRED,response_markdown,,5253.9099999994505,3_ Emotion & Color Association Phase_ITALIAN,2191210.0
BLUE,DISGUSTED,response_markdown,,6816.61000000895,3_ Emotion & Color Association Phase_ITALIAN,2191210.0
"<p style=""text-align:center;font-size:150%"">VIOLA</p>",SLEEPY,response_markdown,,4878.194999997504,3_ Emotion & Color Association Phase_ITALIAN,2191210.0
"<p style=""text-align:center;font-size:150%"">ROSSO</p>",ANGRY,response_markdown,,6608.48999999871,3_ Emotion & Color Association Phase_ITALIAN,2191210.0
