Subject ID,Emotion,Color
4549084.0,EXCITED,"['rgb(153, 255, 0)']"
4549084.0,UNCERTAIN,"['rgb(204, 213, 240)']"
4549084.0,SATISFIED,"['rgb(255, 139, 135)']"
4549084.0,PITY,"['rgb(208, 212, 171)']"
4549084.0,ANGRY,"['rgb(196, 0, 0)']"
4549084.0,DEPRESSED,"['rgb(73, 84, 87)']"
4549084.0,DISGUSTED,"['rgb(131, 189, 94)']"
4549084.0,FRUSTRATED,"['rgb(125, 20, 16)']"
4549084.0,JEALOUS,"['rgb(0, 102, 56)']"
4549084.0,BORED,"['rgb(148, 153, 150)']"
4549084.0,AFRAID,"['rgb(0, 10, 77)']"
4549084.0,SURPRISED,"['rgb(248, 255, 56)']"
4549084.0,STRESSED,"['rgb(184, 53, 46)']"
4549084.0,TIRED,"['rgb(135, 146, 153)']"
4549084.0,CURIOUS,"['rgb(133, 255, 117)']"
4549084.0,SLEEPY,"['rgb(212, 218, 255)']"
4549084.0,SERENE,"['rgb(149, 245, 227)']"
4549084.0,ALARMED,"['rgb(237, 8, 0)']"
4549084.0,GUILTY,"['rgb(94, 168, 109)']"
4549084.0,GENEROUS,"['rgb(245, 195, 135)']"
4549084.0,ASTONISHED,"['rgb(255, 196, 33)']"
4549084.0,SAD,"['rgb(54, 88, 122)']"
4549084.0,CALM,"['rgb(191, 227, 255)']"
4549084.0,INTERESTED,"['rgb(250, 255, 209)']"
4549084.0,SHY,"['rgb(207, 222, 255)']"
4549084.0,HAPPY,"['rgb(255, 255, 0)']"
4549084.0,EMPATHETIC,"['rgb(252, 164, 219)']"
4549085.0,EXCITED,"['rgb(255, 133, 245)']"
4549085.0,UNCERTAIN,"['rgb(255, 230, 204)']"
4549085.0,SATISFIED,"['rgb(180, 255, 173)']"
4549085.0,PITY,"['rgb(230, 255, 251)']"
4549085.0,ANGRY,"['rgb(201, 17, 0)']"
4549085.0,DEPRESSED,"['rgb(14, 0, 41)']"
4549085.0,DISGUSTED,"['rgb(217, 189, 132)']"
4549085.0,FRUSTRATED,"['rgb(255, 116, 61)']"
4549085.0,JEALOUS,"['rgb(255, 25, 64)']"
4549085.0,BORED,"['rgb(240, 215, 175)']"
4549085.0,AFRAID,"['rgb(57, 0, 156)']"
4549085.0,SURPRISED,"['rgb(87, 255, 95)']"
4549085.0,STRESSED,"['rgb(86, 163, 83)']"
4549085.0,TIRED,"['rgb(19, 7, 184)']"
4549085.0,CURIOUS,"['rgb(233, 214, 255)']"
4549085.0,SLEEPY,"['rgb(13, 9, 145)']"
4549085.0,SERENE,"['rgb(135, 199, 255)']"
4549085.0,ALARMED,"['rgb(219, 0, 18)']"
4549085.0,GUILTY,"['rgb(255, 143, 15)']"
4549085.0,GENEROUS,"['rgb(255, 138, 189)']"
4549085.0,ASTONISHED,"['rgb(255, 56, 182)']"
4549085.0,SAD,"['rgb(47, 114, 222)']"
4549085.0,CALM,"['rgb(156, 225, 255)']"
4549085.0,INTERESTED,"['rgb(254, 255, 194)']"
4549085.0,SHY,"['rgb(255, 191, 219)']"
4549085.0,HAPPY,"['rgb(255, 66, 173)']"
4549085.0,EMPATHETIC,"['rgb(255, 128, 157)']"
4549075.0,EXCITED,"['rgb(252, 255, 99)']"
4549075.0,UNCERTAIN,"['rgb(160, 255, 148)']"
4549075.0,SATISFIED,"['rgb(160, 255, 28)']"
4549075.0,PITY,"['rgb(255, 163, 244)']"
4549075.0,ANGRY,"['rgb(255, 32, 20)']"
4549075.0,DEPRESSED,"['rgb(33, 35, 181)']"
4549075.0,DISGUSTED,"['rgb(112, 3, 1)']"
4549075.0,FRUSTRATED,"['rgb(214, 63, 17)']"
4549075.0,JEALOUS,"['rgb(255, 92, 116)']"
4549075.0,BORED,"['rgb(87, 190, 255)']"
4549075.0,AFRAID,"['rgb(255, 196, 205)']"
4549075.0,SURPRISED,"['rgb(242, 255, 0)']"
4549075.0,STRESSED,"['rgb(189, 21, 35)']"
4549075.0,TIRED,"['rgb(64, 43, 41)']"
4549075.0,CURIOUS,"['rgb(169, 255, 77)']"
4549075.0,SLEEPY,"['rgb(51, 51, 48)']"
4549075.0,SERENE,"['rgb(97, 139, 237)']"
4549075.0,ALARMED,"['rgb(255, 95, 59)']"
4549075.0,GUILTY,"['rgb(255, 149, 138)']"
4549075.0,GENEROUS,"['rgb(237, 255, 71)']"
4549075.0,ASTONISHED,"['rgb(237, 62, 65)']"
4549075.0,SAD,"['rgb(84, 90, 255)']"
4549075.0,CALM,"['rgb(86, 145, 240)']"
4549075.0,INTERESTED,"['rgb(78, 255, 59)']"
4549075.0,SHY,"['rgb(150, 255, 222)']"
4549075.0,HAPPY,"['rgb(255, 252, 46)']"
4549075.0,EMPATHETIC,"['rgb(160, 71, 255)']"
4549076.0,EXCITED,"['rgb(255, 128, 140)']"
4549076.0,UNCERTAIN,"['rgb(145, 145, 145)']"
4549076.0,SATISFIED,"['rgb(255, 247, 217)']"
4549076.0,PITY,"['rgb(143, 180, 255)']"
4549076.0,ANGRY,"['rgb(255, 34, 0)']"
4549076.0,DEPRESSED,"['rgb(0, 0, 0)']"
4549076.0,DISGUSTED,"['rgb(144, 0, 196)']"
4549076.0,FRUSTRATED,"['rgb(255, 17, 0)']"
4549076.0,JEALOUS,"['rgb(0, 97, 37)']"
4549076.0,BORED,"['rgb(102, 102, 102)']"
4549076.0,AFRAID,"['rgb(57, 44, 99)']"
4549076.0,SURPRISED,"['rgb(255, 106, 0)']"
4549076.0,STRESSED,"['rgb(245, 255, 56)']"
4549076.0,TIRED,"['rgb(99, 13, 168)']"
4549076.0,CURIOUS,"['rgb(128, 255, 195)']"
4549076.0,SLEEPY,"['rgb(119, 24, 163)']"
4549076.0,SERENE,"['rgb(232, 252, 237)']"
4549076.0,ALARMED,"['rgb(232, 220, 0)']"
4549076.0,GUILTY,"['rgb(38, 103, 255)']"
4549076.0,GENEROUS,"['rgb(239, 255, 120)']"
4549076.0,ASTONISHED,"['rgb(255, 115, 0)']"
4549076.0,SAD,"['rgb(98, 95, 176)']"
4549076.0,CALM,"['rgb(237, 250, 255)']"
4549076.0,INTERESTED,"['rgb(79, 252, 255)']"
4549076.0,SHY,"['rgb(215, 201, 255)']"
4549076.0,HAPPY,"['rgb(255, 237, 138)']"
4549076.0,EMPATHETIC,"['rgb(250, 209, 255)']"
4549064.0,EXCITED,"['rgb(252, 255, 89)']"
4549064.0,UNCERTAIN,"['rgb(203, 199, 217)']"
4549064.0,SATISFIED,"['rgb(191, 247, 139)']"
4549064.0,PITY,"['rgb(210, 199, 255)']"
4549064.0,ANGRY,"['rgb(115, 13, 0)']"
4549064.0,DEPRESSED,"['rgb(0, 10, 66)']"
4549064.0,DISGUSTED,"['rgb(168, 194, 0)']"
4549064.0,FRUSTRATED,"['rgb(212, 0, 0)']"
4549064.0,JEALOUS,"['rgb(0, 145, 5)']"
4549064.0,BORED,"['rgb(186, 186, 186)']"
4549064.0,AFRAID,"['rgb(255, 126, 79)']"
4549064.0,SURPRISED,"['rgb(255, 119, 0)']"
4549064.0,STRESSED,"['rgb(194, 0, 61)']"
4549064.0,TIRED,"['rgb(177, 197, 199)']"
4549064.0,CURIOUS,"['rgb(255, 254, 166)']"
4549064.0,SLEEPY,"['rgb(171, 193, 214)']"
4549064.0,SERENE,"['rgb(222, 253, 255)']"
4549064.0,ALARMED,"['rgb(255, 21, 0)']"
4549064.0,GUILTY,"['rgb(255, 96, 28)']"
4549064.0,GENEROUS,"['rgb(255, 156, 224)']"
4549064.0,ASTONISHED,"['rgb(255, 77, 0)']"
4549064.0,SAD,"['rgb(40, 113, 181)']"
4549064.0,CALM,"['rgb(219, 255, 251)']"
4549064.0,INTERESTED,"['rgb(255, 0, 208)']"
4549064.0,SHY,"['rgb(194, 231, 255)']"
4549064.0,HAPPY,"['rgb(255, 250, 148)']"
4549064.0,EMPATHETIC,"['rgb(255, 138, 212)']"
4549063.0,EXCITED,"['rgb(255, 0, 136)']"
4549063.0,UNCERTAIN,"['rgb(90, 214, 185)']"
4549063.0,SATISFIED,"['rgb(244, 255, 84)']"
4549063.0,PITY,"['rgb(35, 217, 15)']"
4549063.0,ANGRY,"['rgb(255, 0, 4)']"
4549063.0,DEPRESSED,"['rgb(26, 26, 26)']"
4549063.0,DISGUSTED,"['rgb(194, 0, 3)']"
4549063.0,FRUSTRATED,"['rgb(51, 51, 51)']"
4549063.0,JEALOUS,"['rgb(255, 60, 25)']"
4549063.0,BORED,"['rgb(110, 110, 110)']"
4549063.0,AFRAID,"['rgb(158, 11, 0)']"
4549063.0,SURPRISED,"['rgb(244, 255, 33)']"
4549063.0,STRESSED,"['rgb(56, 0, 0)']"
4549063.0,TIRED,"['rgb(0, 65, 176)']"
4549063.0,CURIOUS,"['rgb(150, 255, 255)']"
4549063.0,SLEEPY,"['rgb(3, 35, 110)']"
4549063.0,SERENE,"['rgb(168, 196, 255)']"
4549063.0,ALARMED,"['rgb(255, 13, 0)']"
4549063.0,GUILTY,"['rgb(212, 18, 0)']"
4549063.0,GENEROUS,"['rgb(255, 77, 163)']"
4549063.0,ASTONISHED,"['rgb(255, 151, 33)']"
4549063.0,SAD,"['rgb(173, 245, 255)']"
4549063.0,CALM,"['rgb(171, 176, 255)']"
4549063.0,INTERESTED,"['rgb(79, 108, 255)']"
4549063.0,SHY,"['rgb(217, 214, 210)']"
4549063.0,HAPPY,"['rgb(255, 94, 183)']"
4549063.0,EMPATHETIC,"['rgb(255, 255, 138)']"
4549069.0,EXCITED,"['rgb(255, 75, 59)']"
4549069.0,UNCERTAIN,"['rgb(225, 255, 204)']"
4549069.0,SATISFIED,"['rgb(255, 179, 0)']"
4549069.0,PITY,"['rgb(242, 206, 208)']"
4549069.0,ANGRY,"['rgb(255, 0, 4)']"
4549069.0,DEPRESSED,"['rgb(8, 0, 115)']"
4549069.0,DISGUSTED,"['rgb(175, 36, 255)']"
4549069.0,FRUSTRATED,"['rgb(201, 0, 10)']"
4549069.0,JEALOUS,"['rgb(68, 242, 19)']"
4549069.0,BORED,"['rgb(155, 166, 204)']"
4549069.0,AFRAID,"['rgb(93, 83, 153)']"
4549069.0,SURPRISED,"['rgb(255, 218, 5)']"
4549069.0,STRESSED,"['rgb(138, 78, 131)']"
4549069.0,TIRED,"['rgb(97, 113, 143)']"
4549069.0,CURIOUS,"['rgb(214, 255, 242)']"
4549069.0,SLEEPY,"['rgb(199, 214, 237)']"
4549069.0,SERENE,"['rgb(255, 252, 232)']"
4549069.0,ALARMED,"['rgb(255, 85, 79)']"
4549069.0,GUILTY,"['rgb(161, 96, 122)']"
4549069.0,GENEROUS,"['rgb(255, 221, 110)']"
4549069.0,ASTONISHED,"['rgb(255, 245, 166)']"
4549069.0,SAD,"['rgb(105, 105, 255)']"
4549069.0,CALM,"['rgb(158, 211, 255)']"
4549069.0,INTERESTED,"['rgb(28, 244, 255)']"
4549069.0,SHY,"['rgb(214, 223, 255)']"
4549069.0,HAPPY,"['rgb(255, 145, 0)']"
4549069.0,EMPATHETIC,"['rgb(255, 204, 168)']"
4549081.0,EXCITED,"['rgb(255, 4, 0)']"
4549081.0,UNCERTAIN,"['rgb(255, 156, 150)']"
4549081.0,SATISFIED,"['rgb(255, 138, 36)']"
4549081.0,PITY,"['rgb(137, 19, 235)']"
4549081.0,ANGRY,"['rgb(184, 15, 0)']"
4549081.0,DEPRESSED,"['rgb(0, 0, 0)']"
4549081.0,DISGUSTED,"['rgb(169, 255, 20)']"
4549081.0,FRUSTRATED,"['rgb(219, 20, 26)']"
4549081.0,JEALOUS,"['rgb(2, 112, 6)']"
4549081.0,BORED,"['rgb(255, 253, 242)']"
4549081.0,AFRAID,"['rgb(0, 10, 148)']"
4549081.0,SURPRISED,"['rgb(255, 251, 13)']"
4549081.0,STRESSED,"['rgb(209, 0, 7)']"
4549081.0,TIRED,"['rgb(6, 0, 179)']"
4549081.0,CURIOUS,"['rgb(255, 135, 23)']"
4549081.0,SLEEPY,"['rgb(107, 188, 255)']"
4549081.0,SERENE,"['rgb(20, 255, 185)']"
4549081.0,ALARMED,"['rgb(255, 30, 0)']"
4549081.0,GUILTY,"['rgb(204, 37, 29)']"
4549081.0,GENEROUS,"['rgb(251, 255, 20)']"
4549081.0,ASTONISHED,"['rgb(255, 15, 243)']"
4549081.0,SAD,"['rgb(27, 13, 181)']"
4549081.0,CALM,"['rgb(125, 251, 255)']"
4549081.0,INTERESTED,"['rgb(173, 255, 51)']"
4549081.0,SHY,"['rgb(130, 213, 255)']"
4549081.0,HAPPY,"['rgb(255, 251, 0)']"
4549081.0,EMPATHETIC,"['rgb(255, 107, 188)']"
4549080.0,EXCITED,"['rgb(255, 46, 206)']"
4549080.0,UNCERTAIN,"['rgb(191, 31, 255)']"
4549080.0,SATISFIED,"['rgb(255, 245, 112)']"
4549080.0,PITY,"['rgb(120, 255, 160)']"
4549080.0,ANGRY,"['rgb(255, 0, 13)']"
4549080.0,DEPRESSED,"['rgb(161, 126, 106)']"
4549080.0,DISGUSTED,"['rgb(3, 5, 1)']"
4549080.0,FRUSTRATED,"['rgb(255, 46, 31)']"
4549080.0,JEALOUS,"['rgb(237, 26, 40)']"
4549080.0,BORED,"['rgb(255, 255, 255)']"
4549080.0,AFRAID,"['rgb(46, 53, 255)']"
4549080.0,SURPRISED,"['rgb(255, 255, 0)']"
4549080.0,STRESSED,"['rgb(255, 165, 56)']"
4549080.0,TIRED,"['rgb(199, 199, 199)']"
4549080.0,CURIOUS,"['rgb(156, 140, 255)']"
4549080.0,SLEEPY,"['rgb(255, 225, 173)']"
4549080.0,SERENE,"['rgb(176, 246, 255)']"
4549080.0,ALARMED,"['rgb(255, 0, 64)']"
4549080.0,GUILTY,"['rgb(255, 115, 15)']"
4549080.0,GENEROUS,"['rgb(255, 107, 186)']"
4549080.0,ASTONISHED,"['rgb(245, 56, 255)']"
4549080.0,SAD,"['rgb(143, 141, 214)']"
4549080.0,CALM,"['rgb(207, 249, 255)']"
4549080.0,INTERESTED,"['rgb(112, 255, 165)']"
4549080.0,SHY,"['rgb(202, 255, 171)']"
4549080.0,HAPPY,"['rgb(244, 255, 28)']"
4549080.0,EMPATHETIC,"['rgb(174, 184, 230)']"
4549079.0,EXCITED,"['rgb(158, 51, 158)']"
4549079.0,UNCERTAIN,"['rgb(179, 255, 252)']"
4549079.0,SATISFIED,"['rgb(84, 255, 241)']"
4549079.0,PITY,"['rgb(255, 196, 148)']"
4549079.0,ANGRY,"['rgb(255, 25, 0)']"
4549079.0,DEPRESSED,"['rgb(191, 179, 161)']"
4549079.0,DISGUSTED,"['rgb(13, 163, 51)']"
4549079.0,FRUSTRATED,"['rgb(166, 14, 0)']"
4549079.0,JEALOUS,"['rgb(118, 255, 87)']"
4549079.0,BORED,"['rgb(115, 243, 255)']"
4549079.0,AFRAID,"['rgb(0, 0, 0)']"
4549079.0,SURPRISED,"['rgb(234, 0, 255)']"
4549079.0,STRESSED,"['rgb(128, 107, 62)']"
4549079.0,TIRED,"['rgb(203, 150, 255)']"
4549079.0,CURIOUS,"['rgb(233, 255, 166)']"
4549079.0,SLEEPY,"['rgb(145, 202, 255)']"
4549079.0,SERENE,"['rgb(171, 255, 247)']"
4549079.0,ALARMED,"['rgb(255, 13, 0)']"
4549079.0,GUILTY,"['rgb(173, 173, 173)']"
4549079.0,GENEROUS,"['rgb(191, 94, 255)']"
4549079.0,ASTONISHED,"['rgb(255, 36, 244)']"
4549079.0,SAD,"['rgb(0, 132, 255)']"
4549079.0,CALM,"['rgb(255, 255, 255)']"
4549079.0,INTERESTED,"['rgb(255, 138, 245)']"
4549079.0,SHY,"['rgb(240, 255, 194)']"
4549079.0,HAPPY,"['rgb(255, 240, 71)']"
4549079.0,EMPATHETIC,"['rgb(255, 186, 161)']"
4549067.0,EXCITED,"['rgb(247, 255, 18)']"
4549067.0,UNCERTAIN,"['rgb(182, 71, 255)']"
4549067.0,SATISFIED,"['rgb(25, 98, 255)']"
4549067.0,PITY,"['rgb(255, 135, 173)']"
4549067.0,ANGRY,"['rgb(255, 4, 0)']"
4549067.0,DEPRESSED,"['rgb(74, 15, 184)']"
4549067.0,DISGUSTED,"['rgb(150, 77, 66)']"
4549067.0,FRUSTRATED,"['rgb(186, 12, 6)']"
4549067.0,JEALOUS,"['rgb(91, 189, 6)']"
4549067.0,BORED,"['rgb(163, 163, 163)']"
4549067.0,AFRAID,"['rgb(31, 3, 97)']"
4549067.0,SURPRISED,"['rgb(255, 150, 46)']"
4549067.0,STRESSED,"['rgb(255, 114, 48)']"
4549067.0,TIRED,"['rgb(189, 189, 189)']"
4549067.0,CURIOUS,"['rgb(253, 148, 255)']"
4549067.0,SLEEPY,"['rgb(39, 28, 255)']"
4549067.0,SERENE,"['rgb(79, 255, 249)']"
4549067.0,ALARMED,"['rgb(214, 21, 0)']"
4549067.0,GUILTY,"['rgb(35, 97, 18)']"
4549067.0,GENEROUS,"['rgb(15, 255, 35)']"
4549067.0,ASTONISHED,"['rgb(255, 255, 0)']"
4549067.0,SAD,"['rgb(84, 46, 255)']"
4549067.0,CALM,"['rgb(23, 240, 255)']"
4549067.0,INTERESTED,"['rgb(255, 214, 238)']"
4549067.0,SHY,"['rgb(172, 255, 48)']"
4549067.0,HAPPY,"['rgb(153, 255, 197)']"
4549067.0,EMPATHETIC,"['rgb(255, 138, 181)']"
4549068.0,EXCITED,"['rgb(255, 255, 0)']"
4549068.0,UNCERTAIN,"['rgb(0, 176, 212)']"
4549068.0,SATISFIED,"['rgb(101, 232, 0)']"
4549068.0,PITY,"['rgb(0, 149, 255)']"
4549068.0,ANGRY,"['rgb(255, 8, 0)']"
4549068.0,DEPRESSED,"['rgb(0, 11, 64)']"
4549068.0,DISGUSTED,"['rgb(52, 224, 0)']"
4549068.0,FRUSTRATED,"['rgb(227, 30, 0)']"
4549068.0,JEALOUS,"['rgb(0, 0, 255)']"
4549068.0,BORED,"['rgb(0, 23, 199)']"
4549068.0,AFRAID,"['rgb(8, 0, 255)']"
4549068.0,SURPRISED,"['rgb(255, 255, 0)']"
4549068.0,STRESSED,"['rgb(156, 16, 0)']"
4549068.0,TIRED,"['rgb(0, 85, 212)']"
4549068.0,CURIOUS,"['rgb(227, 0, 148)']"
4549068.0,SLEEPY,"['rgb(0, 121, 196)']"
4549068.0,SERENE,"['rgb(198, 247, 0)']"
4549068.0,ALARMED,"['rgb(255, 17, 0)']"
4549068.0,GUILTY,"['rgb(0, 0, 209)']"
4549068.0,GENEROUS,"['rgb(85, 255, 0)']"
4549068.0,ASTONISHED,"['rgb(255, 242, 0)']"
4549068.0,SAD,"['rgb(0, 63, 181)']"
4549068.0,CALM,"['rgb(0, 204, 250)']"
4549068.0,INTERESTED,"['rgb(236, 240, 0)']"
4549068.0,SHY,"['rgb(0, 197, 227)']"
4549068.0,HAPPY,"['rgb(255, 247, 0)']"
4549068.0,EMPATHETIC,"['rgb(166, 237, 0)']"
4549065.0,EXCITED,"['rgb(255, 210, 8)']"
4549065.0,UNCERTAIN,"['rgb(234, 227, 255)']"
4549065.0,SATISFIED,"['rgb(255, 210, 61)']"
4549065.0,PITY,"['rgb(255, 0, 13)']"
4549065.0,ANGRY,"['rgb(255, 50, 36)']"
4549065.0,DEPRESSED,"['rgb(81, 84, 89)']"
4549065.0,DISGUSTED,"['rgb(9, 255, 0)']"
4549065.0,FRUSTRATED,"['rgb(255, 246, 66)']"
4549065.0,JEALOUS,"['rgb(20, 102, 0)']"
4549065.0,BORED,"['rgb(74, 161, 255)']"
4549065.0,AFRAID,"['rgb(255, 120, 248)']"
4549065.0,SURPRISED,"['rgb(142, 138, 255)']"
4549065.0,STRESSED,"['rgb(81, 255, 0)']"
4549065.0,TIRED,"['rgb(117, 112, 255)']"
4549065.0,CURIOUS,"['rgb(100, 255, 89)']"
4549065.0,SLEEPY,"['rgb(101, 41, 255)']"
4549065.0,SERENE,"['rgb(143, 212, 255)']"
4549065.0,ALARMED,"['rgb(255, 111, 89)']"
4549065.0,GUILTY,"['rgb(161, 213, 255)']"
4549065.0,GENEROUS,"['rgb(82, 255, 90)']"
4549065.0,ASTONISHED,"['rgb(214, 144, 147)']"
4549065.0,SAD,"['rgb(71, 67, 77)']"
4549065.0,CALM,"['rgb(181, 207, 255)']"
4549065.0,INTERESTED,"['rgb(255, 87, 61)']"
4549065.0,SHY,"['rgb(166, 206, 255)']"
4549065.0,HAPPY,"['rgb(255, 255, 33)']"
4549065.0,EMPATHETIC,"['rgb(255, 31, 46)']"
4549066.0,EXCITED,"['rgb(255, 247, 0)']"
4549066.0,UNCERTAIN,"['rgb(125, 99, 255)']"
4549066.0,SATISFIED,"['rgb(237, 126, 217)']"
4549066.0,PITY,"['rgb(118, 130, 179)']"
4549066.0,ANGRY,"['rgb(255, 48, 52)']"
4549066.0,DEPRESSED,"['rgb(0, 6, 66)']"
4549066.0,DISGUSTED,"['rgb(22, 110, 42)']"
4549066.0,FRUSTRATED,"['rgb(120, 0, 10)']"
4549066.0,JEALOUS,"['rgb(17, 212, 53)']"
4549066.0,BORED,"['rgb(158, 158, 158)']"
4549066.0,AFRAID,"['rgb(255, 83, 31)']"
4549066.0,SURPRISED,"['rgb(255, 171, 87)']"
4549066.0,STRESSED,"['rgb(101, 140, 84)']"
4549066.0,TIRED,"['rgb(64, 80, 255)']"
4549066.0,CURIOUS,"['rgb(255, 221, 199)']"
4549066.0,SLEEPY,"['rgb(0, 5, 135)']"
4549066.0,SERENE,"['rgb(196, 253, 255)']"
4549066.0,ALARMED,"['rgb(255, 59, 41)']"
4549066.0,GUILTY,"['rgb(53, 0, 122)']"
4549066.0,GENEROUS,"['rgb(59, 255, 232)']"
4549066.0,ASTONISHED,"['rgb(255, 235, 148)']"
4549066.0,SAD,"['rgb(40, 70, 181)']"
4549066.0,CALM,"['rgb(136, 196, 252)']"
4549066.0,INTERESTED,"['rgb(208, 157, 235)']"
4549066.0,SHY,"['rgb(236, 230, 255)']"
4549066.0,HAPPY,"['rgb(238, 255, 0)']"
4549066.0,EMPATHETIC,"['rgb(194, 255, 158)']"
4549062.0,EXCITED,"['rgb(255, 43, 177)']"
4549062.0,UNCERTAIN,"['rgb(170, 153, 255)']"
4549062.0,SATISFIED,"['rgb(255, 92, 135)']"
4549062.0,PITY,"['rgb(176, 176, 176)']"
4549062.0,ANGRY,"['rgb(255, 10, 43)']"
4549062.0,DEPRESSED,"['rgb(99, 99, 99)']"
4549062.0,DISGUSTED,"['rgb(4, 255, 0)']"
4549062.0,FRUSTRATED,"['rgb(255, 64, 201)']"
4549062.0,JEALOUS,"['rgb(219, 255, 135)']"
4549062.0,BORED,"['rgb(7, 7, 13)']"
4549062.0,AFRAID,"['rgb(255, 64, 64)']"
4549062.0,SURPRISED,"['rgb(255, 64, 54)']"
4549062.0,STRESSED,"['rgb(255, 23, 100)']"
4549062.0,TIRED,"['rgb(255, 230, 249)']"
4549062.0,CURIOUS,"['rgb(221, 143, 255)']"
4549062.0,SLEEPY,"['rgb(243, 222, 255)']"
4549062.0,SERENE,"['rgb(250, 186, 255)']"
4549062.0,ALARMED,"['rgb(255, 0, 17)']"
4549062.0,GUILTY,"['rgb(255, 207, 186)']"
4549062.0,GENEROUS,"['rgb(147, 84, 255)']"
4549062.0,ASTONISHED,"['rgb(255, 171, 87)']"
4549062.0,SAD,"['rgb(204, 153, 196)']"
4549062.0,CALM,"['rgb(210, 255, 179)']"
4549062.0,INTERESTED,"['rgb(207, 140, 255)']"
4549062.0,SHY,"['rgb(191, 237, 255)']"
4549062.0,HAPPY,"['rgb(243, 130, 255)']"
4549062.0,EMPATHETIC,"['rgb(217, 224, 255)']"
4549086.0,EXCITED,"['rgb(255, 0, 132)']"
4549086.0,UNCERTAIN,"['rgb(128, 28, 84)']"
4549086.0,SATISFIED,"['rgb(235, 214, 99)']"
4549086.0,PITY,"['rgb(223, 255, 61)']"
4549086.0,ANGRY,"['rgb(133, 3, 16)']"
4549086.0,DEPRESSED,"['rgb(0, 0, 0)']"
4549086.0,DISGUSTED,"['rgb(204, 6, 39)']"
4549086.0,FRUSTRATED,"['rgb(145, 0, 5)']"
4549086.0,JEALOUS,"['rgb(217, 43, 0)']"
4549086.0,BORED,"['rgb(219, 255, 243)']"
4549086.0,AFRAID,"['rgb(94, 56, 40)']"
4549086.0,SURPRISED,"['rgb(255, 230, 234)']"
4549086.0,STRESSED,"['rgb(0, 85, 255)']"
4549086.0,TIRED,"['rgb(86, 99, 0)']"
4549086.0,CURIOUS,"['rgb(0, 255, 64)']"
4549086.0,SLEEPY,"['rgb(82, 82, 82)']"
4549086.0,SERENE,"['rgb(255, 255, 227)']"
4549086.0,ALARMED,"['rgb(255, 0, 60)']"
4549086.0,GUILTY,"['rgb(38, 38, 38)']"
4549086.0,GENEROUS,"['rgb(174, 232, 207)']"
4549086.0,ASTONISHED,"['rgb(179, 0, 255)']"
4549086.0,SAD,"['rgb(117, 94, 36)']"
4549086.0,CALM,"['rgb(242, 242, 242)']"
4549086.0,INTERESTED,"['rgb(203, 135, 255)']"
4549086.0,SHY,"['rgb(64, 64, 64)']"
4549086.0,HAPPY,"['rgb(21, 255, 0)']"
4549086.0,EMPATHETIC,"['rgb(130, 77, 150)']"
4549073.0,EXCITED,"['rgb(13, 255, 0)']"
4549073.0,UNCERTAIN,"['rgb(255, 162, 3)']"
4549073.0,SATISFIED,"['rgb(176, 255, 38)']"
4549073.0,PITY,"['rgb(48, 104, 255)']"
4549073.0,ANGRY,"['rgb(255, 0, 0)']"
4549073.0,DEPRESSED,"['rgb(0, 23, 82)']"
4549073.0,DISGUSTED,"['rgb(43, 255, 5)']"
4549073.0,FRUSTRATED,"['rgb(255, 0, 17)']"
4549073.0,JEALOUS,"['rgb(128, 0, 255)']"
4549073.0,BORED,"['rgb(255, 172, 18)']"
4549073.0,AFRAID,"['rgb(0, 0, 0)']"
4549073.0,SURPRISED,"['rgb(33, 255, 103)']"
4549073.0,STRESSED,"['rgb(255, 0, 60)']"
4549073.0,TIRED,"['rgb(255, 42, 0)']"
4549073.0,CURIOUS,"['rgb(255, 0, 247)']"
4549073.0,SLEEPY,"['rgb(119, 0, 255)']"
4549073.0,SERENE,"['rgb(186, 0, 189)']"
4549073.0,ALARMED,"['rgb(255, 38, 31)']"
4549073.0,GUILTY,"['rgb(255, 72, 0)']"
4549073.0,GENEROUS,"['rgb(0, 255, 0)']"
4549073.0,ASTONISHED,"['rgb(0, 255, 60)']"
4549073.0,SAD,"['rgb(0, 26, 255)']"
4549073.0,CALM,"['rgb(0, 183, 255)']"
4549073.0,INTERESTED,"['rgb(28, 255, 28)']"
4549073.0,SHY,"['rgb(167, 171, 184)']"
4549073.0,HAPPY,"['rgb(0, 255, 0)']"
4549073.0,EMPATHETIC,"['rgb(17, 0, 255)']"
4558374.0,EXCITED,"['rgb(179, 255, 0)']"
4558374.0,UNCERTAIN,"['rgb(199, 54, 90)']"
4558374.0,SATISFIED,"['rgb(114, 195, 224)']"
4558374.0,PITY,"['rgb(99, 95, 120)']"
4558374.0,ANGRY,"['rgb(255, 38, 0)']"
4558374.0,DEPRESSED,"['rgb(45, 46, 45)']"
4558374.0,DISGUSTED,"['rgb(42, 66, 36)']"
4558374.0,FRUSTRATED,"['rgb(80, 53, 120)']"
4558374.0,JEALOUS,"['rgb(32, 12, 64)']"
4558374.0,BORED,"['rgb(8, 82, 52)']"
4558374.0,AFRAID,"['rgb(130, 0, 17)']"
4558374.0,SURPRISED,"['rgb(255, 182, 23)']"
4558374.0,STRESSED,"['rgb(20, 0, 107)']"
4558374.0,TIRED,"['rgb(56, 116, 130)']"
4558374.0,CURIOUS,"['rgb(215, 255, 115)']"
4558374.0,SLEEPY,"['rgb(107, 255, 142)']"
4558374.0,SERENE,"['rgb(173, 255, 210)']"
4558374.0,ALARMED,"['rgb(255, 111, 0)']"
4558374.0,GUILTY,"['rgb(16, 17, 38)']"
4558374.0,GENEROUS,"['rgb(255, 92, 236)']"
4558374.0,ASTONISHED,"['rgb(255, 223, 82)']"
4558374.0,SAD,"['rgb(13, 102, 255)']"
4558374.0,CALM,"['rgb(166, 255, 194)']"
4558374.0,INTERESTED,"['rgb(182, 255, 64)']"
4558374.0,SHY,"['rgb(184, 222, 153)']"
4558374.0,HAPPY,"['rgb(136, 255, 0)']"
4558374.0,EMPATHETIC,"['rgb(231, 74, 255)']"
4559654.0,EXCITED,"['rgb(255, 46, 241)']"
4559654.0,UNCERTAIN,"['rgb(199, 224, 255)']"
4559654.0,SATISFIED,"['rgb(222, 129, 222)']"
4559654.0,PITY,"['rgb(166, 212, 255)']"
4559654.0,ANGRY,"['rgb(176, 21, 0)']"
4559654.0,DEPRESSED,"['rgb(0, 106, 176)']"
4559654.0,DISGUSTED,"['rgb(149, 219, 35)']"
4559654.0,FRUSTRATED,"['rgb(201, 93, 26)']"
4559654.0,JEALOUS,"['rgb(3, 130, 15)']"
4559654.0,BORED,"['rgb(55, 67, 79)']"
4559654.0,AFRAID,"['rgb(255, 251, 41)']"
4559654.0,SURPRISED,"['rgb(255, 184, 253)']"
4559654.0,STRESSED,"['rgb(196, 71, 18)']"
4559654.0,TIRED,"['rgb(123, 149, 209)']"
4559654.0,CURIOUS,"['rgb(162, 255, 156)']"
4559654.0,SLEEPY,"['rgb(161, 178, 255)']"
4559654.0,SERENE,"['rgb(0, 247, 255)']"
4559654.0,ALARMED,"['rgb(255, 200, 33)']"
4559654.0,GUILTY,"['rgb(96, 171, 111)']"
4559654.0,GENEROUS,"['rgb(179, 4, 132)']"
4559654.0,ASTONISHED,"['rgb(255, 179, 28)']"
4559654.0,SAD,"['rgb(56, 99, 255)']"
4559654.0,CALM,"['rgb(204, 247, 255)']"
4559654.0,INTERESTED,"['rgb(233, 207, 255)']"
4559654.0,SHY,"['rgb(250, 255, 204)']"
4559654.0,HAPPY,"['rgb(235, 10, 255)']"
4559654.0,EMPATHETIC,"['rgb(255, 156, 253)']"
4558373.0,EXCITED,"['rgb(4, 0, 255)']"
4558373.0,UNCERTAIN,"['rgb(255, 255, 255)']"
4558373.0,SATISFIED,"['rgb(151, 41, 255)']"
4558373.0,PITY,"['rgb(255, 255, 255)']"
4558373.0,ANGRY,"['rgb(255, 4, 0)']"
4558373.0,DEPRESSED,"['rgb(0, 0, 0)']"
4558373.0,DISGUSTED,"['rgb(130, 85, 36)']"
4558373.0,FRUSTRATED,"['rgb(0, 0, 0)']"
4558373.0,JEALOUS,"['rgb(253, 161, 255)']"
4558373.0,BORED,"['rgb(128, 128, 128)']"
4558373.0,AFRAID,"['rgb(255, 102, 97)']"
4558373.0,SURPRISED,"['rgb(67, 255, 54)']"
4558373.0,STRESSED,"['rgb(0, 0, 0)']"
4558373.0,TIRED,"['rgb(148, 148, 148)']"
4558373.0,CURIOUS,"['rgb(176, 255, 252)']"
4558373.0,SLEEPY,"['rgb(158, 158, 158)']"
4558373.0,SERENE,"['rgb(255, 138, 187)']"
4558373.0,ALARMED,"['rgb(255, 71, 71)']"
4558373.0,GUILTY,"['rgb(47, 255, 43)']"
4558373.0,GENEROUS,"['rgb(255, 226, 10)']"
4558373.0,ASTONISHED,"['rgb(255, 252, 92)']"
4558373.0,SAD,"['rgb(102, 145, 255)']"
4558373.0,CALM,"['rgb(54, 252, 255)']"
4558373.0,INTERESTED,"['rgb(255, 0, 212)']"
4558373.0,SHY,"['rgb(122, 185, 194)']"
4558373.0,HAPPY,"['rgb(251, 255, 0)']"
4558373.0,EMPATHETIC,"['rgb(189, 255, 220)']"
4558375.0,EXCITED,"['rgb(115, 255, 0)']"
4558375.0,UNCERTAIN,"['rgb(255, 209, 166)']"
4558375.0,SATISFIED,"['rgb(129, 255, 110)']"
4558375.0,PITY,"['rgb(145, 199, 163)']"
4558375.0,ANGRY,"['rgb(61, 15, 140)']"
4558375.0,DEPRESSED,"['rgb(115, 115, 115)']"
4558375.0,DISGUSTED,"['rgb(155, 179, 0)']"
4558375.0,FRUSTRATED,"['rgb(255, 57, 3)']"
4558375.0,JEALOUS,"['rgb(38, 171, 84)']"
4558375.0,BORED,"['rgb(217, 217, 217)']"
4558375.0,AFRAID,"['rgb(45, 23, 189)']"
4558375.0,SURPRISED,"['rgb(255, 136, 115)']"
4558375.0,STRESSED,"['rgb(191, 73, 27)']"
4558375.0,TIRED,"['rgb(141, 152, 184)']"
4558375.0,CURIOUS,"['rgb(255, 243, 82)']"
4558375.0,SLEEPY,"['rgb(225, 219, 255)']"
4558375.0,SERENE,"['rgb(56, 192, 255)']"
4558375.0,ALARMED,"['rgb(255, 128, 0)']"
4558375.0,GUILTY,"['rgb(207, 21, 172)']"
4558375.0,GENEROUS,"['rgb(215, 94, 255)']"
4558375.0,ASTONISHED,"['rgb(190, 255, 115)']"
4558375.0,SAD,"['rgb(32, 91, 186)']"
4558375.0,CALM,"['rgb(176, 202, 255)']"
4558375.0,INTERESTED,"['rgb(255, 253, 181)']"
4558375.0,SHY,"['rgb(191, 227, 255)']"
4558375.0,HAPPY,"['rgb(140, 192, 255)']"
4558375.0,EMPATHETIC,"['rgb(149, 135, 255)']"
4558376.0,EXCITED,"['rgb(244, 255, 28)']"
4558376.0,UNCERTAIN,"['rgb(199, 233, 255)']"
4558376.0,SATISFIED,"['rgb(255, 173, 102)']"
4558376.0,PITY,"['rgb(255, 38, 82)']"
4558376.0,ANGRY,"['rgb(255, 13, 0)']"
4558376.0,DEPRESSED,"['rgb(72, 0, 255)']"
4558376.0,DISGUSTED,"['rgb(104, 222, 0)']"
4558376.0,FRUSTRATED,"['rgb(255, 55, 0)']"
4558376.0,JEALOUS,"['rgb(255, 82, 223)']"
4558376.0,BORED,"['rgb(135, 124, 112)']"
4558376.0,AFRAID,"['rgb(155, 125, 255)']"
4558376.0,SURPRISED,"['rgb(255, 121, 54)']"
4558376.0,STRESSED,"['rgb(190, 171, 255)']"
4558376.0,TIRED,"['rgb(102, 105, 255)']"
4558376.0,CURIOUS,"['rgb(112, 253, 255)']"
4558376.0,SLEEPY,"['rgb(13, 0, 255)']"
4558376.0,SERENE,"['rgb(156, 248, 255)']"
4558376.0,ALARMED,"['rgb(255, 0, 4)']"
4558376.0,GUILTY,"['rgb(149, 255, 0)']"
4558376.0,GENEROUS,"['rgb(142, 237, 74)']"
4558376.0,ASTONISHED,"['rgb(165, 182, 242)']"
4558376.0,SAD,"['rgb(0, 76, 255)']"
4558376.0,CALM,"['rgb(149, 194, 219)']"
4558376.0,INTERESTED,"['rgb(176, 255, 208)']"
4558376.0,SHY,"['rgb(75, 69, 255)']"
4558376.0,HAPPY,"['rgb(255, 221, 0)']"
4558376.0,EMPATHETIC,"['rgb(203, 255, 82)']"
4549077.0,EXCITED,"['rgb(255, 211, 204)']"
4549077.0,UNCERTAIN,"['rgb(140, 253, 255)']"
4549077.0,SATISFIED,"['rgb(248, 255, 120)']"
4549077.0,PITY,"['rgb(174, 0, 255)']"
4549077.0,ANGRY,"['rgb(194, 10, 0)']"
4549077.0,DEPRESSED,"['rgb(0, 3, 150)']"
4549077.0,DISGUSTED,"['rgb(255, 0, 8)']"
4549077.0,FRUSTRATED,"['rgb(255, 51, 0)']"
4549077.0,JEALOUS,"['rgb(255, 162, 0)']"
4549077.0,BORED,"['rgb(0, 170, 255)']"
4549077.0,AFRAID,"['rgb(0, 60, 125)']"
4549077.0,SURPRISED,"['rgb(255, 255, 255)']"
4549077.0,STRESSED,"['rgb(163, 8, 0)']"
4549077.0,TIRED,"['rgb(0, 76, 255)']"
4549077.0,CURIOUS,"['rgb(255, 0, 128)']"
4549077.0,SLEEPY,"['rgb(64, 0, 255)']"
4549077.0,SERENE,"['rgb(255, 255, 255)']"
4549077.0,ALARMED,"['rgb(255, 0, 38)']"
4549077.0,GUILTY,"['rgb(0, 60, 255)']"
4549077.0,GENEROUS,"['rgb(255, 166, 0)']"
4549077.0,ASTONISHED,"['rgb(170, 255, 0)']"
4549077.0,SAD,"['rgb(255, 0, 30)']"
4549077.0,CALM,"['rgb(71, 255, 218)']"
4549077.0,INTERESTED,"['rgb(255, 153, 189)']"
4549077.0,SHY,"['rgb(128, 255, 0)']"
4549077.0,HAPPY,"['rgb(238, 255, 0)']"
4549077.0,EMPATHETIC,"['rgb(184, 255, 253)']"
4549253.0,EXCITED,"['rgb(255, 38, 110)']"
4549253.0,UNCERTAIN,"['rgb(255, 223, 179)']"
4549253.0,SATISFIED,"['rgb(0, 196, 154)']"
4549253.0,PITY,"['rgb(185, 181, 255)']"
4549253.0,ANGRY,"['rgb(161, 13, 0)']"
4549253.0,DEPRESSED,"['rgb(222, 255, 241)']"
4549253.0,DISGUSTED,"['rgb(60, 84, 31)']"
4549253.0,FRUSTRATED,"['rgb(255, 72, 0)']"
4549253.0,JEALOUS,"['rgb(0, 66, 7)']"
4549253.0,BORED,"['rgb(168, 168, 135)']"
4549253.0,AFRAID,"['rgb(255, 51, 0)']"
4549253.0,SURPRISED,"['rgb(255, 0, 128)']"
4549253.0,STRESSED,"['rgb(178, 196, 141)']"
4549253.0,TIRED,"['rgb(205, 255, 135)']"
4549253.0,CURIOUS,"['rgb(109, 0, 145)']"
4549253.0,SLEEPY,"['rgb(177, 156, 255)']"
4549253.0,SERENE,"['rgb(135, 232, 185)']"
4549253.0,ALARMED,"['rgb(212, 11, 0)']"
4549253.0,GUILTY,"['rgb(182, 255, 71)']"
4549253.0,GENEROUS,"['rgb(255, 252, 48)']"
4549253.0,ASTONISHED,"['rgb(255, 73, 56)']"
4549253.0,SAD,"['rgb(110, 127, 255)']"
4549253.0,CALM,"['rgb(184, 244, 255)']"
4549253.0,INTERESTED,"['rgb(135, 97, 201)']"
4549253.0,SHY,"['rgb(161, 173, 230)']"
4549253.0,HAPPY,"['rgb(255, 92, 244)']"
4549253.0,EMPATHETIC,"['rgb(202, 255, 105)']"
4549265.0,EXCITED,"['rgb(252, 255, 79)']"
4549265.0,UNCERTAIN,"['rgb(255, 147, 38)']"
4549265.0,SATISFIED,"['rgb(38, 255, 0)']"
4549265.0,PITY,"['rgb(255, 222, 255)']"
4549265.0,ANGRY,"['rgb(255, 4, 0)']"
4549265.0,DEPRESSED,"['rgb(0, 0, 0)']"
4549265.0,DISGUSTED,"['rgb(5, 156, 0)']"
4549265.0,FRUSTRATED,"['rgb(255, 0, 0)']"
4549265.0,JEALOUS,"['rgb(94, 255, 0)']"
4549265.0,BORED,"['rgb(23, 23, 23)']"
4549265.0,AFRAID,"['rgb(255, 70, 54)']"
4549265.0,SURPRISED,"['rgb(255, 112, 107)']"
4549265.0,STRESSED,"['rgb(255, 0, 21)']"
4549265.0,TIRED,"['rgb(255, 176, 97)']"
4549265.0,CURIOUS,"['rgb(122, 115, 255)']"
4549265.0,SLEEPY,"['rgb(62, 59, 255)']"
4549265.0,SERENE,"['rgb(197, 171, 255)']"
4549265.0,ALARMED,"['rgb(255, 4, 0)']"
4549265.0,GUILTY,"['rgb(151, 255, 107)']"
4549265.0,GENEROUS,"['rgb(255, 252, 105)']"
4549265.0,ASTONISHED,"['rgb(255, 77, 252)']"
4549265.0,SAD,"['rgb(46, 49, 255)']"
4549265.0,CALM,"['rgb(248, 143, 255)']"
4549265.0,INTERESTED,"['rgb(244, 148, 255)']"
4549265.0,SHY,"['rgb(148, 155, 255)']"
4549265.0,HAPPY,"['rgb(255, 221, 0)']"
4549265.0,EMPATHETIC,"['rgb(252, 79, 255)']"
4549294.0,EXCITED,"['rgb(0, 255, 191)']"
4549294.0,UNCERTAIN,"['rgb(255, 185, 120)']"
4549294.0,SATISFIED,"['rgb(255, 225, 0)']"
4549294.0,PITY,"['rgb(161, 194, 255)']"
4549294.0,ANGRY,"['rgb(125, 0, 2)']"
4549294.0,DEPRESSED,"['rgb(138, 138, 138)']"
4549294.0,DISGUSTED,"['rgb(162, 0, 255)']"
4549294.0,FRUSTRATED,"['rgb(143, 80, 79)']"
4549294.0,JEALOUS,"['rgb(31, 77, 33)']"
4549294.0,BORED,"['rgb(186, 186, 186)']"
4549294.0,AFRAID,"['rgb(36, 36, 36)']"
4549294.0,SURPRISED,"['rgb(255, 251, 0)']"
4549294.0,STRESSED,"['rgb(255, 8, 0)']"
4549294.0,TIRED,"['rgb(4, 0, 110)']"
4549294.0,CURIOUS,"['rgb(255, 168, 222)']"
4549294.0,SLEEPY,"['rgb(255, 235, 242)']"
4549294.0,SERENE,"['rgb(60, 150, 62)']"
4549294.0,ALARMED,"['rgb(224, 91, 25)']"
4549294.0,GUILTY,"['rgb(0, 136, 255)']"
4549294.0,GENEROUS,"['rgb(128, 255, 215)']"
4549294.0,ASTONISHED,"['rgb(175, 214, 240)']"
4549294.0,SAD,"['rgb(114, 141, 163)']"
4549294.0,CALM,"['rgb(193, 255, 191)']"
4549294.0,INTERESTED,"['rgb(161, 43, 77)']"
4549294.0,SHY,"['rgb(240, 219, 255)']"
4549294.0,HAPPY,"['rgb(255, 79, 179)']"
4549294.0,EMPATHETIC,"['rgb(128, 162, 255)']"
4549319.0,EXCITED,"['rgb(255, 251, 0)']"
4549319.0,UNCERTAIN,"['rgb(255, 255, 255)']"
4549319.0,SATISFIED,"['rgb(192, 209, 240)']"
4549319.0,PITY,"['rgb(119, 125, 81)']"
4549319.0,ANGRY,"['rgb(255, 0, 8)']"
4549319.0,DEPRESSED,"['rgb(133, 133, 133)']"
4549319.0,DISGUSTED,"['rgb(121, 156, 58)']"
4549319.0,FRUSTRATED,"['rgb(74, 35, 0)']"
4549319.0,JEALOUS,"['rgb(0, 184, 12)']"
4549319.0,BORED,"['rgb(204, 204, 204)']"
4549319.0,AFRAID,"['rgb(255, 0, 8)']"
4549319.0,SURPRISED,"['rgb(255, 0, 149)']"
4549319.0,STRESSED,"['rgb(79, 7, 0)']"
4549319.0,TIRED,"['rgb(110, 77, 54)']"
4549319.0,CURIOUS,"['rgb(255, 196, 239)']"
4549319.0,SLEEPY,"['rgb(87, 54, 38)']"
4549319.0,SERENE,"['rgb(219, 255, 248)']"
4549319.0,ALARMED,"['rgb(255, 0, 8)']"
4549319.0,GUILTY,"['rgb(0, 3, 59)']"
4549319.0,GENEROUS,"['rgb(166, 0, 255)']"
4549319.0,ASTONISHED,"['rgb(255, 136, 0)']"
4549319.0,SAD,"['rgb(109, 148, 148)']"
4549319.0,CALM,"['rgb(207, 253, 255)']"
4549319.0,INTERESTED,"['rgb(255, 94, 148)']"
4549319.0,SHY,"['rgb(255, 230, 214)']"
4549319.0,HAPPY,"['rgb(255, 255, 0)']"
4549319.0,EMPATHETIC,"['rgb(191, 242, 238)']"
4549326.0,EXCITED,"['rgb(234, 255, 0)']"
4549326.0,UNCERTAIN,"['rgb(255, 70, 46)']"
4549326.0,SATISFIED,"['rgb(124, 110, 196)']"
4549326.0,PITY,"['rgb(105, 128, 116)']"
4549326.0,ANGRY,"['rgb(255, 14, 10)']"
4549326.0,DEPRESSED,"['rgb(132, 181, 87)']"
4549326.0,DISGUSTED,"['rgb(42, 84, 0)']"
4549326.0,FRUSTRATED,"['rgb(51, 58, 135)']"
4549326.0,JEALOUS,"['rgb(133, 2, 0)']"
4549326.0,BORED,"['rgb(61, 61, 61)']"
4549326.0,AFRAID,"['rgb(42, 31, 255)']"
4549326.0,SURPRISED,"['rgb(255, 136, 0)']"
4549326.0,STRESSED,"['rgb(255, 89, 0)']"
4549326.0,TIRED,"['rgb(168, 130, 255)']"
4549326.0,CURIOUS,"['rgb(255, 143, 176)']"
4549326.0,SLEEPY,"['rgb(157, 0, 255)']"
4549326.0,SERENE,"['rgb(144, 195, 212)']"
4549326.0,ALARMED,"['rgb(255, 3, 3)']"
4549326.0,GUILTY,"['rgb(17, 54, 28)']"
4549326.0,GENEROUS,"['rgb(255, 230, 0)']"
4549326.0,ASTONISHED,"['rgb(255, 237, 133)']"
4549326.0,SAD,"['rgb(24, 94, 148)']"
4549326.0,CALM,"['rgb(161, 255, 246)']"
4549326.0,INTERESTED,"['rgb(255, 31, 173)']"
4549326.0,SHY,"['rgb(214, 151, 247)']"
4549326.0,HAPPY,"['rgb(255, 59, 121)']"
4549326.0,EMPATHETIC,"['rgb(212, 114, 158)']"
4549404.0,EXCITED,"['rgb(255, 251, 38)']"
4549404.0,UNCERTAIN,"['rgb(168, 42, 44)']"
4549404.0,SATISFIED,"['rgb(255, 128, 244)']"
4549404.0,PITY,"['rgb(115, 115, 255)']"
4549404.0,ANGRY,"['rgb(242, 20, 0)']"
4549404.0,DEPRESSED,"['rgb(0, 0, 0)']"
4549404.0,DISGUSTED,"['rgb(0, 214, 50)']"
4549404.0,FRUSTRATED,"['rgb(21, 179, 0)']"
4549404.0,JEALOUS,"['rgb(0, 255, 0)']"
4549404.0,BORED,"['rgb(0, 37, 102)']"
4549404.0,AFRAID,"['rgb(145, 0, 2)']"
4549404.0,SURPRISED,"['rgb(255, 248, 38)']"
4549404.0,STRESSED,"['rgb(247, 132, 0)']"
4549404.0,TIRED,"['rgb(68, 103, 219)']"
4549404.0,CURIOUS,"['rgb(206, 115, 255)']"
4549404.0,SLEEPY,"['rgb(41, 121, 207)']"
4549404.0,SERENE,"['rgb(209, 244, 255)']"
4549404.0,ALARMED,"['rgb(255, 0, 0)']"
4549404.0,GUILTY,"['rgb(0, 171, 6)']"
4549404.0,GENEROUS,"['rgb(164, 255, 161)']"
4549404.0,ASTONISHED,"['rgb(255, 238, 84)']"
4549404.0,SAD,"['rgb(4, 0, 110)']"
4549404.0,CALM,"['rgb(217, 248, 255)']"
4549404.0,INTERESTED,"['rgb(255, 252, 51)']"
4549404.0,SHY,"['rgb(0, 145, 255)']"
4549404.0,HAPPY,"['rgb(253, 255, 110)']"
4549404.0,EMPATHETIC,"['rgb(166, 255, 255)']"
4549410.0,EXCITED,"['rgb(255, 246, 74)']"
4549410.0,UNCERTAIN,"['rgb(198, 186, 255)']"
4549410.0,SATISFIED,"['rgb(255, 186, 184)']"
4549410.0,PITY,"['rgb(0, 76, 255)']"
4549410.0,ANGRY,"['rgb(255, 13, 0)']"
4549410.0,DEPRESSED,"['rgb(0, 34, 255)']"
4549410.0,DISGUSTED,"['rgb(25, 255, 25)']"
4549410.0,FRUSTRATED,"['rgb(255, 61, 3)']"
4549410.0,JEALOUS,"['rgb(255, 0, 60)']"
4549410.0,AFRAID,"['rgb(135, 195, 255)']"
4549410.0,SURPRISED,"['rgb(255, 99, 154)']"
4549410.0,STRESSED,"['rgb(255, 102, 31)']"
4549410.0,TIRED,"['rgb(171, 200, 255)']"
4549410.0,CURIOUS,"['rgb(36, 255, 200)']"
4549410.0,SLEEPY,"['rgb(164, 99, 255)']"
4549410.0,SERENE,"['rgb(10, 129, 255)']"
4549410.0,ALARMED,"['rgb(255, 71, 71)']"
4549410.0,GUILTY,"['rgb(164, 28, 255)']"
4549410.0,GENEROUS,"['rgb(201, 135, 255)']"
4549410.0,ASTONISHED,"['rgb(255, 151, 33)']"
4549410.0,SAD,"['rgb(0, 99, 204)']"
4549410.0,CALM,"['rgb(30, 0, 255)']"
4549410.0,INTERESTED,"['rgb(235, 255, 171)']"
4549410.0,SHY,"['rgb(107, 220, 255)']"
4549410.0,HAPPY,"['rgb(251, 255, 0)']"
4549410.0,EMPATHETIC,"['rgb(143, 133, 255)']"
4549408.0,EXCITED,"['rgb(251, 18, 255)']"
4549408.0,UNCERTAIN,"['rgb(255, 87, 82)']"
4549408.0,SATISFIED,"['rgb(25, 83, 255)']"
4549408.0,PITY,"['rgb(255, 23, 174)']"
4549408.0,ANGRY,"['rgb(255, 13, 0)']"
4549408.0,DEPRESSED,"['rgb(255, 80, 10)']"
4549408.0,DISGUSTED,"['rgb(255, 83, 31)']"
4549408.0,FRUSTRATED,"['rgb(255, 67, 10)']"
4549408.0,JEALOUS,"['rgb(255, 171, 254)']"
4549408.0,BORED,"['rgb(255, 74, 8)']"
4549408.0,AFRAID,"['rgb(255, 154, 38)']"
4549408.0,SURPRISED,"['rgb(255, 238, 56)']"
4549408.0,STRESSED,"['rgb(255, 39, 36)']"
4549408.0,TIRED,"['rgb(61, 93, 255)']"
4549408.0,CURIOUS,"['rgb(255, 247, 248)']"
4549408.0,SLEEPY,"['rgb(150, 255, 229)']"
4549408.0,SERENE,"['rgb(0, 8, 255)']"
4549408.0,ALARMED,"['rgb(255, 4, 0)']"
4549408.0,GUILTY,"['rgb(117, 48, 255)']"
4549408.0,GENEROUS,"['rgb(195, 31, 255)']"
4549408.0,ASTONISHED,"['rgb(64, 67, 255)']"
4549408.0,SAD,"['rgb(0, 30, 255)']"
4549408.0,CALM,"['rgb(255, 247, 245)']"
4549408.0,INTERESTED,"['rgb(46, 255, 53)']"
4549408.0,SHY,"['rgb(255, 56, 215)']"
4549408.0,HAPPY,"['rgb(18, 85, 255)']"
4549408.0,EMPATHETIC,"['rgb(255, 230, 239)']"
4549417.0,EXCITED,"['rgb(89, 255, 128)']"
4549417.0,UNCERTAIN,"['rgb(255, 224, 209)']"
4549417.0,SATISFIED,"['rgb(255, 251, 0)']"
4549417.0,PITY,"['rgb(196, 255, 206)']"
4549417.0,ANGRY,"['rgb(255, 0, 4)']"
4549417.0,DEPRESSED,"['rgb(45, 163, 186)']"
4549417.0,DISGUSTED,"['rgb(35, 168, 60)']"
4549417.0,FRUSTRATED,"['rgb(232, 89, 0)']"
4549417.0,JEALOUS,"['rgb(255, 187, 69)']"
4549417.0,BORED,"['rgb(166, 0, 64)']"
4549417.0,AFRAID,"['rgb(102, 102, 102)']"
4549417.0,SURPRISED,"['rgb(255, 0, 153)']"
4549417.0,STRESSED,"['rgb(18, 0, 156)']"
4549417.0,TIRED,"['rgb(78, 204, 168)']"
4549417.0,CURIOUS,"['rgb(117, 255, 255)']"
4549417.0,SLEEPY,"['rgb(85, 0, 212)']"
4549417.0,SERENE,"['rgb(199, 239, 255)']"
4549417.0,ALARMED,"['rgb(255, 0, 4)']"
4549417.0,GUILTY,"['rgb(255, 62, 41)']"
4549417.0,GENEROUS,"['rgb(174, 128, 255)']"
4549417.0,ASTONISHED,"['rgb(255, 0, 234)']"
4549417.0,SAD,"['rgb(78, 173, 217)']"
4549417.0,CALM,"['rgb(227, 253, 255)']"
4549417.0,INTERESTED,"['rgb(115, 255, 159)']"
4549417.0,SHY,"['rgb(120, 183, 255)']"
4549417.0,HAPPY,"['rgb(255, 251, 128)']"
4549417.0,EMPATHETIC,"['rgb(197, 171, 255)']"
4549523.0,EXCITED,"['rgb(255, 247, 13)']"
4549523.0,UNCERTAIN,"['rgb(202, 255, 97)']"
4549523.0,SATISFIED,"['rgb(59, 255, 95)']"
4549523.0,PITY,"['rgb(122, 182, 255)']"
4549523.0,ANGRY,"['rgb(150, 15, 0)']"
4549523.0,DEPRESSED,"['rgb(10, 15, 20)']"
4549523.0,DISGUSTED,"['rgb(21, 125, 35)']"
4549523.0,FRUSTRATED,"['rgb(224, 53, 40)']"
4549523.0,JEALOUS,"['rgb(43, 135, 0)']"
4549523.0,BORED,"['rgb(28, 70, 255)']"
4549523.0,AFRAID,"['rgb(255, 85, 13)']"
4549523.0,SURPRISED,"['rgb(226, 240, 74)']"
4549523.0,STRESSED,"['rgb(176, 101, 69)']"
4549523.0,TIRED,"['rgb(46, 67, 255)']"
4549523.0,CURIOUS,"['rgb(130, 255, 84)']"
4549523.0,SLEEPY,"['rgb(30, 30, 97)']"
4549523.0,SERENE,"['rgb(255, 221, 120)']"
4549523.0,ALARMED,"['rgb(255, 68, 31)']"
4549523.0,GUILTY,"['rgb(35, 7, 125)']"
4549523.0,GENEROUS,"['rgb(165, 140, 255)']"
4549523.0,ASTONISHED,"['rgb(255, 247, 97)']"
4549523.0,SAD,"['rgb(0, 41, 92)']"
4549523.0,CALM,"['rgb(138, 255, 198)']"
4549523.0,INTERESTED,"['rgb(84, 158, 255)']"
4549523.0,SHY,"['rgb(227, 255, 233)']"
4549523.0,HAPPY,"['rgb(255, 187, 0)']"
4549523.0,EMPATHETIC,"['rgb(61, 197, 255)']"
4549530.0,EXCITED,"['rgb(249, 255, 66)']"
4549530.0,UNCERTAIN,"['rgb(145, 145, 145)']"
4549530.0,SATISFIED,"['rgb(255, 77, 178)']"
4549530.0,PITY,"['rgb(251, 255, 28)']"
4549530.0,ANGRY,"['rgb(255, 17, 0)']"
4549530.0,DEPRESSED,"['rgb(36, 79, 125)']"
4549530.0,DISGUSTED,"['rgb(58, 122, 67)']"
4549530.0,FRUSTRATED,"['rgb(207, 33, 33)']"
4549530.0,JEALOUS,"['rgb(104, 255, 66)']"
4549530.0,BORED,"['rgb(255, 146, 51)']"
4549530.0,AFRAID,"['rgb(46, 46, 46)']"
4549530.0,SURPRISED,"['rgb(255, 0, 144)']"
4549530.0,STRESSED,"['rgb(135, 79, 255)']"
4549530.0,TIRED,"['rgb(165, 110, 255)']"
4549530.0,CURIOUS,"['rgb(191, 253, 255)']"
4549530.0,SLEEPY,"['rgb(108, 111, 166)']"
4549530.0,SERENE,"['rgb(5, 255, 251)']"
4549530.0,ALARMED,"['rgb(252, 240, 255)']"
4549530.0,GUILTY,"['rgb(98, 69, 150)']"
4549530.0,GENEROUS,"['rgb(255, 138, 167)']"
4549530.0,ASTONISHED,"['rgb(255, 250, 252)']"
4549530.0,SAD,"['rgb(21, 0, 255)']"
4549530.0,CALM,"['rgb(249, 255, 212)']"
4549530.0,INTERESTED,"['rgb(168, 255, 242)']"
4549530.0,SHY,"['rgb(224, 189, 255)']"
4549530.0,HAPPY,"['rgb(227, 255, 235)']"
4549530.0,EMPATHETIC,"['rgb(255, 189, 168)']"
4549546.0,EXCITED,"['rgb(255, 255, 0)']"
4549546.0,UNCERTAIN,"['rgb(255, 255, 255)']"
4549546.0,SATISFIED,"['rgb(194, 255, 41)']"
4549546.0,PITY,"['rgb(135, 197, 255)']"
4549546.0,ANGRY,"['rgb(255, 0, 13)']"
4549546.0,DEPRESSED,"['rgb(0, 2, 125)']"
4549546.0,DISGUSTED,"['rgb(0, 255, 60)']"
4549546.0,FRUSTRATED,"['rgb(161, 53, 55)']"
4549546.0,JEALOUS,"['rgb(0, 110, 11)']"
4549546.0,BORED,"['rgb(227, 255, 246)']"
4549546.0,AFRAID,"['rgb(60, 0, 255)']"
4549546.0,SURPRISED,"['rgb(255, 158, 3)']"
4549546.0,STRESSED,"['rgb(132, 0, 255)']"
4549546.0,TIRED,"['rgb(65, 129, 138)']"
4549546.0,CURIOUS,"['rgb(175, 117, 255)']"
4549546.0,SLEEPY,"['rgb(119, 153, 143)']"
4549546.0,SERENE,"['rgb(0, 255, 234)']"
4549546.0,ALARMED,"['rgb(255, 51, 68)']"
4549546.0,GUILTY,"['rgb(33, 255, 78)']"
4549546.0,GENEROUS,"['rgb(215, 255, 69)']"
4549546.0,ASTONISHED,"['rgb(255, 71, 203)']"
4549546.0,SAD,"['rgb(0, 60, 189)']"
4549546.0,CALM,"['rgb(0, 145, 255)']"
4549546.0,INTERESTED,"['rgb(111, 255, 71)']"
4549546.0,SHY,"['rgb(225, 0, 255)']"
4549546.0,HAPPY,"['rgb(183, 255, 0)']"
4549546.0,EMPATHETIC,"['rgb(212, 127, 212)']"
4549533.0,EXCITED,"['rgb(255, 242, 0)']"
4549533.0,UNCERTAIN,"['rgb(110, 145, 84)']"
4549533.0,SATISFIED,"['rgb(43, 255, 5)' 'Unexpectedly long close out at end of task!']"
4549533.0,PITY,"['rgb(255, 125, 196)']"
4549533.0,ANGRY,"['rgb(255, 21, 0)']"
4549533.0,DEPRESSED,"['rgb(0, 0, 0)']"
4549533.0,DISGUSTED,"['rgb(102, 54, 19)']"
4549533.0,FRUSTRATED,"['rgb(143, 10, 0)']"
4549533.0,JEALOUS,"['rgb(255, 8, 0)']"
4549533.0,BORED,"['rgb(0, 0, 0)']"
4549533.0,AFRAID,"['rgb(179, 170, 170)']"
4549533.0,SURPRISED,"['rgb(239, 255, 13)']"
4549533.0,STRESSED,"['rgb(156, 0, 130)']"
4549533.0,TIRED,"['rgb(14, 0, 135)']"
4549533.0,CURIOUS,"['rgb(184, 247, 255)']"
4549533.0,SLEEPY,"['rgb(0, 150, 204)']"
4549533.0,SERENE,"['rgb(0, 255, 200)']"
4549533.0,ALARMED,"['rgb(255, 0, 4)']"
4549533.0,GUILTY,"['rgb(61, 30, 94)']"
4549533.0,GENEROUS,"['rgb(92, 255, 10)']"
4549533.0,ASTONISHED,"['rgb(255, 242, 0)']"
4549533.0,SAD,"['rgb(69, 69, 69)']"
4549533.0,CALM,"['rgb(31, 210, 255)']"
4549533.0,INTERESTED,"['rgb(186, 255, 253)']"
4549533.0,SHY,"['rgb(77, 77, 77)']"
4549533.0,HAPPY,"['rgb(255, 242, 0)']"
4549533.0,EMPATHETIC,"['rgb(191, 255, 223)']"
4565151.0,EXCITED,"['rgb(255, 0, 166)']"
4565151.0,UNCERTAIN,"['rgb(212, 255, 0)']"
4565151.0,SATISFIED,"['rgb(92, 10, 255)']"
4565151.0,PITY,"['rgb(208, 0, 255)']"
4565151.0,ANGRY,"['rgb(255, 0, 8)']"
4565151.0,DEPRESSED,"['rgb(3, 3, 3)']"
4565151.0,DISGUSTED,"['rgb(84, 201, 0)']"
4565151.0,FRUSTRATED,"['rgb(201, 18, 24)']"
4565151.0,JEALOUS,"['rgb(255, 0, 30)']"
4565151.0,BORED,"['rgb(0, 0, 0)']"
4565151.0,AFRAID,"['rgb(0, 76, 255)']"
4565151.0,SURPRISED,"['rgb(0, 255, 255)']"
4565151.0,STRESSED,"['rgb(255, 0, 140)']"
4565151.0,TIRED,"['rgb(0, 12, 82)']"
4565151.0,CURIOUS,"['rgb(255, 179, 213)']"
4565151.0,SLEEPY,"['rgb(0, 2, 107)']"
4565151.0,SERENE,"['rgb(255, 255, 191)']"
4565151.0,ALARMED,"['rgb(255, 81, 0)']"
4565151.0,GUILTY,"['rgb(255, 13, 0)']"
4565151.0,GENEROUS,"['rgb(255, 251, 8)']"
4565151.0,ASTONISHED,"['rgb(255, 0, 68)']"
4565151.0,SAD,"['rgb(0, 42, 255)']"
4565151.0,CALM,"['rgb(226, 201, 255)']"
4565151.0,INTERESTED,"['rgb(255, 230, 0)']"
4565151.0,SHY,"['rgb(5, 255, 88)']"
4565151.0,HAPPY,"['rgb(255, 230, 0)']"
4565151.0,EMPATHETIC,"['rgb(232, 173, 255)']"
4565148.0,EXCITED,"['rgb(255, 0, 93)']"
4565148.0,UNCERTAIN,"['rgb(52, 176, 46)']"
4565148.0,SATISFIED,"['rgb(59, 62, 255)']"
4565148.0,PITY,"['rgb(197, 97, 255)']"
4565148.0,ANGRY,"['rgb(255, 0, 43)']"
4565148.0,DEPRESSED,"['rgb(61, 64, 63)']"
4565148.0,DISGUSTED,"['rgb(33, 135, 26)']"
4565148.0,FRUSTRATED,"['rgb(107, 140, 60)']"
4565148.0,JEALOUS,"['rgb(25, 255, 45)']"
4565148.0,BORED,"['rgb(255, 255, 255)']"
4565148.0,AFRAID,"['rgb(0, 0, 0)']"
4565148.0,SURPRISED,"['rgb(251, 0, 255)']"
4565148.0,STRESSED,"['rgb(255, 8, 0)']"
4565148.0,TIRED,"['rgb(148, 115, 68)']"
4565148.0,CURIOUS,"['rgb(92, 247, 255)']"
4565148.0,SLEEPY,"['rgb(116, 52, 117)']"
4565148.0,SERENE,"['rgb(15, 171, 255)']"
4565148.0,ALARMED,"['rgb(255, 0, 0)']"
4565148.0,GUILTY,"['rgb(255, 28, 20)']"
4565148.0,GENEROUS,"['rgb(50, 201, 141)']"
4565148.0,ASTONISHED,"['rgb(255, 247, 0)']"
4565148.0,SAD,"['rgb(66, 19, 19)']"
4565148.0,CALM,"['rgb(8, 111, 255)']"
4565148.0,INTERESTED,"['rgb(20, 255, 173)']"
4565148.0,SHY,"['rgb(194, 226, 255)']"
4565148.0,HAPPY,"['rgb(0, 64, 255)']"
4565148.0,EMPATHETIC,"['rgb(209, 126, 237)']"
4565158.0,EXCITED,"['rgb(250, 0, 42)']"
4565158.0,UNCERTAIN,"['rgb(249, 87, 255)']"
4565158.0,SATISFIED,"['rgb(5, 255, 143)']"
4565158.0,PITY,"['rgb(251, 255, 242)']"
4565158.0,ANGRY,"['rgb(255, 13, 0)']"
4565158.0,DEPRESSED,"['rgb(0, 149, 255)']"
4565158.0,DISGUSTED,"['rgb(22, 219, 0)']"
4565158.0,FRUSTRATED,"['rgb(255, 25, 0)']"
4565158.0,JEALOUS,"['rgb(8, 153, 0)']"
4565158.0,BORED,"['rgb(99, 99, 99)']"
4565158.0,AFRAID,"['rgb(118, 69, 255)']"
4565158.0,SURPRISED,"['rgb(3, 205, 255)']"
4565158.0,STRESSED,"['rgb(255, 166, 41)']"
4565158.0,TIRED,"['rgb(105, 175, 255)']"
4565158.0,CURIOUS,"['rgb(242, 234, 141)']"
4565158.0,SLEEPY,"['rgb(94, 175, 255)']"
4565158.0,SERENE,"['rgb(8, 163, 201)']"
4565158.0,ALARMED,"['rgb(255, 0, 0)']"
4565158.0,GUILTY,"['rgb(146, 237, 0)']"
4565158.0,GENEROUS,"['rgb(0, 191, 89)']"
4565158.0,ASTONISHED,"['rgb(186, 255, 36)']"
4565158.0,SAD,"['rgb(0, 66, 199)']"
4565158.0,CALM,"['rgb(0, 213, 217)']"
4565158.0,INTERESTED,"['rgb(15, 169, 186)']"
4565158.0,SHY,"['rgb(0, 187, 255)']"
4565158.0,HAPPY,"['rgb(246, 255, 0)']"
4565158.0,EMPATHETIC,"['rgb(0, 225, 255)']"
4565166.0,EXCITED,"['rgb(255, 160, 158)']"
4565166.0,UNCERTAIN,"['rgb(69, 149, 153)']"
4565166.0,SATISFIED,"['rgb(212, 255, 23)']"
4565166.0,PITY,"['rgb(145, 255, 202)']"
4565166.0,ANGRY,"['rgb(255, 0, 0)']"
4565166.0,DEPRESSED,"['rgb(171, 255, 206)']"
4565166.0,DISGUSTED,"['rgb(13, 255, 247)']"
4565166.0,FRUSTRATED,"['rgb(255, 133, 147)']"
4565166.0,JEALOUS,"['rgb(223, 255, 191)']"
4565166.0,BORED,"['rgb(209, 209, 209)']"
4565166.0,AFRAID,"['rgb(130, 238, 255)']"
4565166.0,SURPRISED,"['rgb(60, 0, 255)']"
4565166.0,STRESSED,"['rgb(255, 124, 115)']"
4565166.0,TIRED,"['rgb(150, 241, 255)']"
4565166.0,CURIOUS,"['rgb(89, 214, 255)']"
4565166.0,SLEEPY,"['rgb(103, 73, 156)']"
4565166.0,SERENE,"['rgb(255, 255, 117)']"
4565166.0,ALARMED,"['rgb(255, 38, 154)']"
4565166.0,GUILTY,"['rgb(0, 61, 17)']"
4565166.0,GENEROUS,"['rgb(55, 255, 0)']"
4565166.0,ASTONISHED,"['rgb(255, 28, 244)']"
4565166.0,SAD,"['rgb(132, 161, 139)']"
4565166.0,CALM,"['rgb(251, 255, 122)']"
4565166.0,INTERESTED,"['rgb(255, 48, 155)']"
4565166.0,SHY,"['rgb(244, 255, 179)']"
4565166.0,HAPPY,"['rgb(255, 242, 0)']"
4565166.0,EMPATHETIC,"['rgb(220, 194, 255)']"
4565147.0,EXCITED,"['rgb(255, 23, 58)']"
4565147.0,UNCERTAIN,"['rgb(255, 28, 255)']"
4565147.0,SATISFIED,"['rgb(14, 10, 255)']"
4565147.0,PITY,"['rgb(255, 183, 0)']"
4565147.0,ANGRY,"['rgb(255, 13, 0)']"
4565147.0,DEPRESSED,"['rgb(255, 179, 15)']"
4565147.0,DISGUSTED,"['rgb(33, 255, 13)']"
4565147.0,FRUSTRATED,"['rgb(136, 255, 0)']"
4565147.0,JEALOUS,"['rgb(153, 255, 0)']"
4565147.0,BORED,"['rgb(43, 255, 227)']"
4565147.0,AFRAID,"['rgb(255, 115, 0)']"
4565147.0,SURPRISED,"['rgb(255, 30, 5)']"
4565147.0,STRESSED,"['rgb(255, 4, 0)']"
4565147.0,TIRED,"['rgb(10, 255, 247)']"
4565147.0,CURIOUS,"['rgb(255, 71, 224)']"
4565147.0,SLEEPY,"['rgb(0, 255, 157)']"
4565147.0,SERENE,"['rgb(71, 182, 255)']"
4565147.0,ALARMED,"['rgb(255, 4, 0)']"
4565147.0,GUILTY,"['rgb(255, 130, 238)']"
4565147.0,GENEROUS,"['rgb(255, 249, 64)']"
4565147.0,ASTONISHED,"['rgb(255, 5, 109)']"
4565147.0,SAD,"['rgb(0, 255, 247)']"
4565147.0,CALM,"['rgb(72, 255, 0)']"
4565147.0,INTERESTED,"['rgb(255, 106, 0)']"
4565147.0,SHY,"['rgb(174, 255, 0)']"
4565147.0,HAPPY,"['rgb(255, 213, 5)']"
4565147.0,EMPATHETIC,"['rgb(255, 64, 245)']"
4565155.0,EXCITED,"['rgb(218, 255, 54)']"
4565155.0,UNCERTAIN,"['rgb(255, 139, 107)']"
4565155.0,SATISFIED,"['rgb(30, 255, 0)']"
4565155.0,PITY,"['rgb(255, 82, 108)']"
4565155.0,ANGRY,"['rgb(255, 34, 0)']"
4565155.0,DEPRESSED,"['rgb(0, 30, 255)']"
4565155.0,DISGUSTED,"['rgb(140, 0, 255)']"
4565155.0,FRUSTRATED,"['rgb(0, 26, 255)']"
4565155.0,JEALOUS,"['rgb(255, 85, 79)']"
4565155.0,BORED,"['rgb(17, 0, 255)']"
4565155.0,AFRAID,"['rgb(255, 28, 47)']"
4565155.0,SURPRISED,"['rgb(34, 255, 0)']"
4565155.0,STRESSED,"['rgb(255, 47, 15)']"
4565155.0,TIRED,"['rgb(255, 74, 80)']"
4565155.0,CURIOUS,"['rgb(174, 156, 255)']"
4565155.0,SLEEPY,"['rgb(255, 252, 204)']"
4565155.0,SERENE,"['rgb(179, 242, 255)']"
4565155.0,ALARMED,"['rgb(255, 0, 13)']"
4565155.0,GUILTY,"['rgb(112, 112, 255)']"
4565155.0,GENEROUS,"['rgb(255, 211, 92)']"
4565155.0,ASTONISHED,"['rgb(0, 221, 255)']"
4565155.0,SAD,"['rgb(61, 113, 255)']"
4565155.0,CALM,"['rgb(237, 245, 255)']"
4565155.0,INTERESTED,"['rgb(89, 255, 153)']"
4565155.0,SHY,"['rgb(148, 228, 255)']"
4565155.0,HAPPY,"['rgb(28, 255, 51)']"
4565155.0,EMPATHETIC,"['rgb(189, 251, 255)']"
4565165.0,EXCITED,"['rgb(255, 255, 0)']"
4565165.0,UNCERTAIN,"['rgb(230, 241, 255)']"
4565165.0,SATISFIED,"['rgb(255, 128, 132)']"
4565165.0,PITY,"['rgb(193, 214, 224)']"
4565165.0,ANGRY,"['rgb(204, 0, 7)']"
4565165.0,DEPRESSED,"['rgb(92, 92, 92)']"
4565165.0,DISGUSTED,"['rgb(0, 107, 75)']"
4565165.0,FRUSTRATED,"['rgb(199, 84, 112)']"
4565165.0,JEALOUS,"['rgb(0, 186, 71)']"
4565165.0,BORED,"['rgb(255, 238, 212)']"
4565165.0,AFRAID,"['rgb(227, 14, 53)']"
4565165.0,SURPRISED,"['rgb(255, 234, 0)']"
4565165.0,STRESSED,"['rgb(144, 54, 255)']"
4565165.0,TIRED,"['rgb(127, 175, 181)']"
4565165.0,CURIOUS,"['rgb(132, 232, 179)']"
4565165.0,SLEEPY,"['rgb(17, 0, 166)']"
4565165.0,SERENE,"['rgb(89, 255, 211)']"
4565165.0,ALARMED,"['rgb(255, 166, 41)']"
4565165.0,GUILTY,"['rgb(223, 143, 255)']"
4565165.0,GENEROUS,"['rgb(196, 169, 212)']"
4565165.0,ASTONISHED,"['rgb(255, 3, 175)']"
4565165.0,SAD,"['rgb(68, 63, 232)']"
4565165.0,CALM,"['rgb(71, 224, 255)']"
4565165.0,INTERESTED,"['rgb(142, 255, 43)']"
4565165.0,SHY,"['rgb(255, 250, 156)']"
4565165.0,HAPPY,"['rgb(255, 224, 51)']"
4565165.0,EMPATHETIC,"['rgb(218, 176, 255)']"
4565144.0,EXCITED,"['rgb(255, 0, 179)']"
4565144.0,UNCERTAIN,"['rgb(31, 76, 166)']"
4565144.0,SATISFIED,"['rgb(255, 140, 150)']"
4565144.0,PITY,"['rgb(140, 159, 255)']"
4565144.0,ANGRY,"['rgb(171, 51, 38)']"
4565144.0,DEPRESSED,"['rgb(0, 0, 0)']"
4565144.0,DISGUSTED,"['rgb(115, 0, 31)']"
4565144.0,FRUSTRATED,"['rgb(37, 153, 120)']"
4565144.0,JEALOUS,"['rgb(66, 9, 14)']"
4565144.0,BORED,"['rgb(29, 0, 77)']"
4565144.0,AFRAID,"['rgb(0, 141, 163)']"
4565144.0,SURPRISED,"['rgb(219, 255, 41)']"
4565144.0,STRESSED,"['rgb(44, 76, 82)']"
4565144.0,TIRED,"['rgb(74, 53, 130)']"
4565144.0,CURIOUS,"['rgb(168, 255, 200)']"
4565144.0,SLEEPY,"['rgb(140, 173, 255)']"
4565144.0,SERENE,"['rgb(244, 219, 255)']"
4565144.0,ALARMED,"['rgb(214, 7, 0)']"
4565144.0,GUILTY,"['rgb(115, 0, 33)']"
4565144.0,GENEROUS,"['rgb(255, 217, 0)']"
4565144.0,ASTONISHED,"['rgb(214, 255, 246)']"
4565144.0,SAD,"['rgb(19, 14, 31)']"
4565144.0,CALM,"['rgb(255, 230, 250)']"
4565144.0,INTERESTED,"['rgb(251, 173, 255)']"
4565144.0,SHY,"['rgb(255, 248, 181)']"
4565144.0,HAPPY,"['rgb(255, 208, 0)']"
4565144.0,EMPATHETIC,"['rgb(204, 218, 255)']"
4565157.0,EXCITED,"['rgb(236, 25, 255)']"
4565157.0,UNCERTAIN,"['rgb(136, 89, 255)']"
4565157.0,SATISFIED,"['rgb(254, 255, 230)']"
4565157.0,PITY,"['rgb(196, 255, 176)']"
4565157.0,ANGRY,"['rgb(255, 0, 4)']"
4565157.0,DEPRESSED,"['rgb(0, 0, 0)']"
4565157.0,DISGUSTED,"['rgb(0, 0, 0)']"
4565157.0,FRUSTRATED,"['rgb(32, 14, 71)']"
4565157.0,JEALOUS,"['rgb(255, 0, 4)']"
4565157.0,BORED,"['rgb(43, 52, 140)']"
4565157.0,AFRAID,"['rgb(102, 10, 18)']"
4565157.0,SURPRISED,"['rgb(255, 170, 105)']"
4565157.0,STRESSED,"['rgb(48, 0, 138)']"
4565157.0,TIRED,"['rgb(150, 140, 255)']"
4565157.0,CURIOUS,"['rgb(92, 157, 255)']"
4565157.0,SLEEPY,"['rgb(243, 255, 194)']"
4565157.0,SERENE,"['rgb(255, 225, 209)']"
4565157.0,ALARMED,"['rgb(255, 0, 13)']"
4565157.0,GUILTY,"['rgb(74, 1, 15)']"
4565157.0,GENEROUS,"['rgb(13, 224, 59)']"
4565157.0,ASTONISHED,"['rgb(112, 117, 179)']"
4565157.0,SAD,"['rgb(89, 167, 255)']"
4565157.0,CALM,"['rgb(209, 255, 255)']"
4565157.0,INTERESTED,"['rgb(255, 227, 181)']"
4565157.0,SHY,"['rgb(254, 230, 255)']"
4565157.0,HAPPY,"['rgb(251, 0, 255)']"
4565157.0,EMPATHETIC,"['rgb(255, 252, 176)']"
4565154.0,EXCITED,"['rgb(255, 207, 48)']"
4565154.0,UNCERTAIN,"['rgb(143, 143, 130)']"
4565154.0,SATISFIED,"['rgb(72, 217, 0)']"
4565154.0,PITY,"['rgb(138, 123, 62)']"
4565154.0,ANGRY,"['rgb(255, 0, 0)']"
4565154.0,DEPRESSED,"['rgb(53, 53, 54)']"
4565154.0,DISGUSTED,"['rgb(31, 59, 25)']"
4565154.0,FRUSTRATED,"['rgb(255, 183, 0)']"
4565154.0,JEALOUS,"['rgb(255, 85, 51)']"
4565154.0,BORED,"['rgb(10, 18, 255)']"
4565154.0,AFRAID,"['rgb(171, 86, 7)']"
4565154.0,SURPRISED,"['rgb(255, 235, 18)']"
4565154.0,STRESSED,"['rgb(255, 0, 0)']"
4565154.0,TIRED,"['rgb(66, 40, 55)']"
4565154.0,CURIOUS,"['rgb(107, 31, 128)']"
4565154.0,SLEEPY,"['rgb(83, 0, 99)']"
4565154.0,SERENE,"['rgb(98, 95, 250)']"
4565154.0,ALARMED,"['rgb(255, 13, 0)']"
4565154.0,GUILTY,"['rgb(87, 0, 10)']"
4565154.0,GENEROUS,"['rgb(149, 104, 176)']"
4565154.0,ASTONISHED,"['rgb(255, 184, 199)']"
4565154.0,SAD,"['rgb(6, 0, 46)']"
4565154.0,CALM,"['rgb(110, 114, 255)']"
4565154.0,INTERESTED,"['rgb(59, 255, 176)']"
4565154.0,SHY,"['rgb(247, 255, 171)']"
4565154.0,HAPPY,"['rgb(30, 214, 13)']"
4565154.0,EMPATHETIC,"['rgb(110, 173, 92)']"
4565152.0,EXCITED,"['rgb(162, 255, 105)']"
4565152.0,UNCERTAIN,"['rgb(255, 252, 252)']"
4565152.0,SATISFIED,"['rgb(255, 245, 102)']"
4565152.0,PITY,"['rgb(255, 176, 210)']"
4565152.0,ANGRY,"['rgb(255, 3, 15)']"
4565152.0,DEPRESSED,"['rgb(13, 162, 255)']"
4565152.0,DISGUSTED,"['rgb(18, 79, 28)']"
4565152.0,FRUSTRATED,"['rgb(76, 51, 156)']"
4565152.0,JEALOUS,"['rgb(255, 51, 99)']"
4565152.0,BORED,"['rgb(134, 59, 255)']"
4565152.0,AFRAID,"['rgb(212, 4, 25)']"
4565152.0,SURPRISED,"['rgb(214, 79, 149)']"
4565152.0,STRESSED,"['rgb(255, 117, 143)']"
4565152.0,TIRED,"['rgb(158, 194, 255)']"
4565152.0,CURIOUS,"['rgb(255, 255, 148)']"
4565152.0,SLEEPY,"['rgb(255, 158, 66)']"
4565152.0,SERENE,"['rgb(220, 255, 64)']"
4565152.0,ALARMED,"['rgb(255, 19, 15)']"
4565152.0,GUILTY,"['rgb(201, 16, 22)']"
4565152.0,GENEROUS,"['rgb(255, 232, 184)']"
4565152.0,ASTONISHED,"['rgb(255, 112, 217)']"
4565152.0,SAD,"['rgb(10, 27, 255)']"
4565152.0,CALM,"['rgb(163, 255, 241)']"
4565152.0,INTERESTED,"['rgb(255, 247, 128)']"
4565152.0,SHY,"['rgb(128, 255, 251)']"
4565152.0,HAPPY,"['rgb(234, 255, 0)']"
4565152.0,EMPATHETIC,"['rgb(208, 255, 69)']"
4565150.0,EXCITED,"['rgb(255, 31, 158)']"
4565150.0,UNCERTAIN,"['rgb(181, 166, 143)']"
4565150.0,SATISFIED,"['rgb(167, 79, 255)']"
4565150.0,PITY,"['rgb(255, 219, 226)']"
4565150.0,ANGRY,"['rgb(87, 24, 21)']"
4565150.0,DEPRESSED,"['rgb(0, 0, 0)']"
4565150.0,DISGUSTED,"['rgb(18, 255, 53)']"
4565150.0,FRUSTRATED,"['rgb(140, 25, 27)']"
4565150.0,JEALOUS,"['rgb(0, 94, 39)']"
4565150.0,BORED,"['rgb(92, 92, 92)']"
4565150.0,AFRAID,"['rgb(179, 163, 137)']"
4565150.0,SURPRISED,"['rgb(242, 255, 94)']"
4565150.0,STRESSED,"['rgb(89, 11, 20)']"
4565150.0,TIRED,"['rgb(56, 98, 115)']"
4565150.0,CURIOUS,"['rgb(196, 255, 205)']"
4565150.0,SLEEPY,"['rgb(194, 196, 255)']"
4565150.0,SERENE,"['rgb(219, 250, 255)']"
4565150.0,ALARMED,"['rgb(255, 38, 64)']"
4565150.0,GUILTY,"['rgb(71, 53, 21)']"
4565150.0,GENEROUS,"['rgb(255, 33, 118)']"
4565150.0,ASTONISHED,"['rgb(255, 149, 0)']"
4565150.0,SAD,"['rgb(0, 0, 0)']"
4565150.0,CALM,"['rgb(219, 253, 255)']"
4565150.0,INTERESTED,"['rgb(255, 95, 46)']"
4565150.0,SHY,"['rgb(240, 205, 187)']"
4565150.0,HAPPY,"['rgb(255, 120, 185)']"
4565150.0,EMPATHETIC,"['rgb(255, 217, 244)']"
4565159.0,EXCITED,"['rgb(255, 130, 140)']"
4565159.0,UNCERTAIN,"['rgb(135, 230, 92)']"
4565159.0,SATISFIED,"['rgb(255, 200, 191)']"
4565159.0,PITY,"['rgb(255, 92, 10)']"
4565159.0,ANGRY,"['rgb(150, 3, 0)']"
4565159.0,DEPRESSED,"['rgb(30, 0, 150)']"
4565159.0,DISGUSTED,"['rgb(166, 0, 8)']"
4565159.0,FRUSTRATED,"['rgb(222, 0, 18)']"
4565159.0,JEALOUS,"['rgb(26, 107, 17)']"
4565159.0,BORED,"['rgb(170, 255, 117)']"
4565159.0,AFRAID,"['rgb(23, 105, 207)']"
4565159.0,SURPRISED,"['rgb(176, 248, 255)']"
4565159.0,STRESSED,"['rgb(3, 153, 0)']"
4565159.0,TIRED,"['rgb(142, 255, 138)']"
4565159.0,CURIOUS,"['rgb(255, 217, 48)']"
4565159.0,SLEEPY,"['rgb(148, 255, 150)']"
4565159.0,SERENE,"['rgb(68, 197, 252)']"
4565159.0,ALARMED,"['rgb(255, 17, 0)']"
4565159.0,GUILTY,"['rgb(0, 30, 255)']"
4565159.0,GENEROUS,"['rgb(255, 252, 102)']"
4565159.0,ASTONISHED,"['rgb(85, 44, 168)']"
4565159.0,SAD,"['rgb(101, 74, 181)']"
4565159.0,CALM,"['rgb(255, 201, 248)']"
4565159.0,INTERESTED,"['rgb(243, 255, 153)']"
4565159.0,SHY,"['rgb(255, 166, 173)']"
4565159.0,HAPPY,"['rgb(255, 171, 182)']"
4565159.0,EMPATHETIC,"['rgb(216, 186, 255)']"
4565164.0,EXCITED,"['rgb(232, 0, 70)']"
4565164.0,UNCERTAIN,"['rgb(152, 141, 166)']"
4565164.0,SATISFIED,"['rgb(9, 219, 47)']"
4565164.0,PITY,"['rgb(199, 199, 199)']"
4565164.0,ANGRY,"['rgb(115, 0, 2)']"
4565164.0,DEPRESSED,"['rgb(0, 0, 0)']"
4565164.0,DISGUSTED,"['rgb(31, 31, 31)']"
4565164.0,FRUSTRATED,"['rgb(72, 18, 122)']"
4565164.0,JEALOUS,"['rgb(224, 25, 28)']"
4565164.0,BORED,"['rgb(16, 16, 107)']"
4565164.0,AFRAID,"['rgb(194, 12, 6)']"
4565164.0,SURPRISED,"['rgb(166, 25, 74)']"
4565164.0,STRESSED,"['rgb(44, 19, 61)']"
4565164.0,TIRED,"['rgb(0, 130, 50)']"
4565164.0,CURIOUS,"['rgb(2, 156, 222)']"
4565164.0,SLEEPY,"['rgb(214, 141, 145)']"
4565164.0,SERENE,"['rgb(255, 225, 0)']"
4565164.0,ALARMED,"['rgb(217, 33, 24)']"
4565164.0,GUILTY,"['rgb(120, 65, 61)']"
4565164.0,GENEROUS,"['rgb(9, 224, 34)']"
4565164.0,ASTONISHED,"['rgb(252, 0, 194)']"
4565164.0,SAD,"['rgb(143, 143, 143)']"
4565164.0,CALM,"['rgb(255, 234, 0)']"
4565164.0,INTERESTED,"['rgb(212, 19, 212)']"
4565164.0,SHY,"['rgb(217, 217, 65)']"
4565164.0,HAPPY,"['rgb(159, 0, 222)']"
4565164.0,EMPATHETIC,"['rgb(65, 235, 42)']"
4565186.0,EXCITED,"['rgb(43, 255, 0)']"
4565186.0,UNCERTAIN,"['rgb(212, 0, 67)']"
4565186.0,SATISFIED,"['rgb(255, 248, 54)']"
4565186.0,PITY,"['rgb(255, 251, 0)']"
4565186.0,ANGRY,"['rgb(255, 13, 0)']"
4565186.0,DEPRESSED,"['rgb(23, 30, 173)']"
4565186.0,DISGUSTED,"['rgb(166, 255, 0)']"
4565186.0,FRUSTRATED,"['rgb(255, 4, 0)']"
4565186.0,JEALOUS,"['rgb(30, 255, 0)']"
4565186.0,BORED,"['rgb(71, 71, 71)']"
4565186.0,AFRAID,"['rgb(189, 51, 42)']"
4565186.0,SURPRISED,"['rgb(0, 221, 255)']"
4565186.0,STRESSED,"['rgb(186, 132, 32)']"
4565186.0,TIRED,"['rgb(173, 87, 29)']"
4565186.0,CURIOUS,"['rgb(157, 0, 255)']"
4565186.0,SLEEPY,"['rgb(197, 163, 255)']"
4565186.0,SERENE,"['rgb(145, 251, 255)']"
4565186.0,ALARMED,"['rgb(255, 0, 0)']"
4565186.0,GUILTY,"['rgb(54, 0, 161)']"
4565186.0,GENEROUS,"['rgb(0, 34, 255)']"
4565186.0,ASTONISHED,"['rgb(26, 255, 0)']"
4565186.0,SAD,"['rgb(0, 183, 255)']"
4565186.0,CALM,"['rgb(210, 255, 171)']"
4565186.0,INTERESTED,"['rgb(0, 200, 255)']"
4565186.0,SHY,"['rgb(179, 141, 163)']"
4565186.0,HAPPY,"['rgb(255, 255, 0)']"
4565186.0,EMPATHETIC,"['rgb(179, 0, 255)']"
4565175.0,EXCITED,"['rgb(255, 0, 8)']"
4565175.0,UNCERTAIN,"['rgb(140, 140, 140)']"
4565175.0,SATISFIED,"['rgb(255, 61, 51)']"
4565175.0,PITY,"['rgb(4, 161, 2)']"
4565175.0,ANGRY,"['rgb(4, 74, 31)']"
4565175.0,DEPRESSED,"['rgb(0, 22, 122)']"
4565175.0,DISGUSTED,"['rgb(74, 74, 74)']"
4565175.0,FRUSTRATED,"['rgb(4, 178, 181)']"
4565175.0,JEALOUS,"['rgb(132, 149, 194)']"
4565175.0,BORED,"['rgb(0, 140, 143)']"
4565175.0,AFRAID,"['rgb(0, 2, 38)']"
4565175.0,SURPRISED,"['rgb(255, 46, 60)']"
4565175.0,STRESSED,"['rgb(4, 7, 184)']"
4565175.0,TIRED,"['rgb(24, 28, 0)']"
4565175.0,CURIOUS,"['rgb(255, 213, 122)']"
4565175.0,SLEEPY,"['rgb(8, 188, 191)']"
4565175.0,SERENE,"['rgb(255, 251, 0)']"
4565175.0,ALARMED,"['rgb(3, 0, 158)']"
4565175.0,GUILTY,"['rgb(0, 1, 18)']"
4565175.0,GENEROUS,"['rgb(255, 0, 157)']"
4565175.0,ASTONISHED,"['rgb(255, 123, 0)']"
4565175.0,SAD,"['rgb(31, 53, 255)']"
4565175.0,CALM,"['rgb(255, 233, 125)']"
4565175.0,INTERESTED,"['rgb(255, 0, 191)']"
4565175.0,SHY,"['rgb(0, 255, 55)']"
4565175.0,HAPPY,"['rgb(255, 7, 3)']"
4565175.0,EMPATHETIC,"['rgb(255, 118, 13)']"
4565153.0,EXCITED,"['rgb(255, 0, 60)']"
4565153.0,UNCERTAIN,"['rgb(70, 120, 116)']"
4565153.0,SATISFIED,"['rgb(41, 255, 80)']"
4565153.0,PITY,"['rgb(226, 240, 29)']"
4565153.0,ANGRY,"['rgb(255, 8, 0)']"
4565153.0,DEPRESSED,"['rgb(0, 255, 195)']"
4565153.0,DISGUSTED,"['rgb(255, 69, 66)']"
4565153.0,FRUSTRATED,"['rgb(238, 255, 0)']"
4565153.0,JEALOUS,"['rgb(255, 140, 148)']"
4565153.0,BORED,"['rgb(0, 255, 140)']"
4565153.0,AFRAID,"['rgb(173, 55, 12)']"
4565153.0,SURPRISED,"['rgb(70, 17, 194)']"
4565153.0,STRESSED,"['rgb(255, 13, 69)']"
4565153.0,TIRED,"['rgb(0, 195, 255)']"
4565153.0,CURIOUS,"['rgb(3, 238, 255)']"
4565153.0,SLEEPY,"['rgb(0, 34, 255)']"
4565153.0,SERENE,"['rgb(255, 59, 219)']"
4565153.0,ALARMED,"['rgb(255, 23, 23)']"
4565153.0,GUILTY,"['rgb(255, 168, 18)']"
4565153.0,GENEROUS,"['rgb(0, 30, 255)']"
4565153.0,ASTONISHED,"['rgb(255, 77, 0)']"
4565153.0,SAD,"['rgb(255, 201, 246)']"
4565153.0,CALM,"['rgb(127, 255, 92)']"
4565153.0,INTERESTED,"['rgb(255, 156, 248)']"
4565153.0,SHY,"['rgb(134, 144, 179)']"
4565153.0,HAPPY,"['rgb(8, 197, 255)']"
4565153.0,EMPATHETIC,"['rgb(25, 213, 255)']"
4565149.0,EXCITED,"['rgb(255, 5, 109)']"
4565149.0,UNCERTAIN,"['rgb(51, 94, 58)']"
4565149.0,SATISFIED,"['rgb(255, 203, 15)']"
4565149.0,PITY,"['rgb(0, 93, 207)']"
4565149.0,ANGRY,"['rgb(214, 11, 0)']"
4565149.0,DEPRESSED,"['rgb(92, 112, 138)']"
4565149.0,DISGUSTED,"['rgb(13, 87, 0)']"
4565149.0,FRUSTRATED,"['rgb(204, 105, 69)']"
4565149.0,JEALOUS,"['rgb(40, 128, 0)']"
4565149.0,BORED,"['rgb(232, 235, 255)']"
4565149.0,AFRAID,"['rgb(204, 37, 0)']"
4565149.0,SURPRISED,"['rgb(255, 0, 230)']"
4565149.0,STRESSED,"['rgb(148, 89, 78)']"
4565149.0,TIRED,"['rgb(58, 62, 64)']"
4565149.0,CURIOUS,"['rgb(156, 75, 227)']"
4565149.0,SLEEPY,"['rgb(0, 0, 0)']"
4565149.0,SERENE,"['rgb(174, 255, 0)']"
4565149.0,ALARMED,"['rgb(255, 157, 0)']"
4565149.0,GUILTY,"['rgb(76, 20, 94)']"
4565149.0,GENEROUS,"['rgb(94, 255, 0)']"
4565149.0,ASTONISHED,"['rgb(255, 168, 163)']"
4565149.0,SAD,"['rgb(116, 156, 219)']"
4565149.0,CALM,"['rgb(38, 255, 0)']"
4565149.0,INTERESTED,"['rgb(51, 255, 0)']"
4565149.0,SHY,"['rgb(149, 194, 141)']"
4565149.0,HAPPY,"['rgb(242, 0, 202)']"
4565149.0,EMPATHETIC,"['rgb(191, 134, 172)']"
4565197.0,EXCITED,"['rgb(255, 238, 0)']"
4565197.0,UNCERTAIN,"['rgb(255, 94, 97)']"
4565197.0,SATISFIED,"['rgb(0, 183, 255)']"
4565197.0,PITY,"['rgb(84, 50, 19)']"
4565197.0,ANGRY,"['rgb(255, 0, 8)']"
4565197.0,DEPRESSED,"['rgb(0, 52, 61)']"
4565197.0,DISGUSTED,"['rgb(21, 36, 0)']"
4565197.0,FRUSTRATED,"['rgb(189, 16, 0)']"
4565197.0,JEALOUS,"['rgb(255, 0, 47)']"
4565197.0,BORED,"['rgb(133, 133, 133)']"
4565197.0,AFRAID,"['rgb(38, 38, 38)']"
4565197.0,SURPRISED,"['rgb(255, 0, 144)']"
4565197.0,STRESSED,"['rgb(168, 8, 0)']"
4565197.0,TIRED,"['rgb(0, 0, 0)']"
4565197.0,CURIOUS,"['rgb(182, 255, 179)']"
4565197.0,SLEEPY,"['rgb(0, 8, 46)']"
4565197.0,SERENE,"['rgb(168, 196, 255)']"
4565197.0,ALARMED,"['rgb(255, 25, 0)']"
4565197.0,GUILTY,"['rgb(0, 138, 7)']"
4565197.0,GENEROUS,"['rgb(255, 247, 250)']"
4565197.0,ASTONISHED,"['rgb(208, 0, 255)']"
4565197.0,SAD,"['rgb(0, 43, 107)']"
4565197.0,CALM,"['rgb(226, 255, 153)']"
4565197.0,INTERESTED,"['rgb(135, 147, 255)']"
4565197.0,SHY,"['rgb(13, 13, 13)']"
4565197.0,HAPPY,"['rgb(163, 255, 223)']"
4565197.0,EMPATHETIC,"['rgb(107, 255, 105)']"
4565161.0,EXCITED,"['rgb(244, 255, 92)']"
4565161.0,UNCERTAIN,"['rgb(240, 157, 129)']"
4565161.0,SATISFIED,"['rgb(209, 98, 209)']"
4565161.0,PITY,"['rgb(163, 187, 217)']"
4565161.0,ANGRY,"['rgb(214, 0, 46)']"
4565161.0,DEPRESSED,"['rgb(0, 18, 89)']"
4565161.0,DISGUSTED,"['rgb(44, 163, 88)']"
4565161.0,FRUSTRATED,"['rgb(212, 117, 40)']"
4565161.0,JEALOUS,"['rgb(0, 255, 81)']"
4565161.0,BORED,"['rgb(98, 125, 148)']"
4565161.0,AFRAID,"['rgb(92, 86, 107)']"
4565161.0,SURPRISED,"['rgb(251, 255, 179)']"
4565161.0,STRESSED,"['rgb(255, 0, 0)']"
4565161.0,TIRED,"['rgb(140, 140, 140)']"
4565161.0,CURIOUS,"['rgb(189, 255, 89)']"
4565161.0,SLEEPY,"['rgb(131, 122, 153)']"
4565161.0,SERENE,"['rgb(255, 171, 252)']"
4565161.0,ALARMED,"['rgb(230, 28, 68)']"
4565161.0,GUILTY,"['rgb(152, 217, 145)']"
4565161.0,GENEROUS,"['rgb(201, 170, 32)']"
4565161.0,ASTONISHED,"['rgb(252, 255, 253)']"
4565161.0,SAD,"['rgb(0, 26, 222)']"
4565161.0,CALM,"['rgb(182, 207, 224)']"
4565161.0,INTERESTED,"['rgb(247, 175, 92)']"
4565161.0,SHY,"['rgb(237, 152, 179)']"
4565161.0,HAPPY,"['rgb(242, 255, 0)']"
4565161.0,EMPATHETIC,"['rgb(255, 0, 174)']"
4565545.0,EXCITED,"['rgb(255, 0, 60)']"
4565545.0,UNCERTAIN,"['rgb(111, 133, 201)']"
4565545.0,SATISFIED,"['rgb(255, 0, 200)']"
4565545.0,PITY,"['rgb(124, 59, 255)']"
4565545.0,ANGRY,"['rgb(3, 87, 0)']"
4565545.0,DEPRESSED,"['rgb(2, 0, 74)']"
4565545.0,DISGUSTED,"['rgb(0, 48, 33)']"
4565545.0,FRUSTRATED,"['rgb(255, 0, 17)']"
4565545.0,JEALOUS,"['rgb(60, 255, 0)']"
4565545.0,BORED,"['rgb(0, 20, 79)']"
4565545.0,AFRAID,"['rgb(38, 0, 255)']"
4565545.0,SURPRISED,"['rgb(255, 0, 144)']"
4565545.0,STRESSED,"['rgb(0, 35, 212)']"
4565545.0,TIRED,"['rgb(0, 105, 92)']"
4565545.0,CURIOUS,"['rgb(62, 240, 145)']"
4565545.0,SLEEPY,"['rgb(0, 148, 108)']"
4565545.0,SERENE,"['rgb(90, 255, 61)']"
4565545.0,ALARMED,"['rgb(255, 0, 8)']"
4565545.0,GUILTY,"['rgb(43, 255, 0)']"
4565545.0,GENEROUS,"['rgb(224, 172, 0)']"
4565545.0,ASTONISHED,"['rgb(255, 251, 5)']"
4565545.0,SAD,"['rgb(0, 27, 181)']"
4565545.0,CALM,"['rgb(200, 255, 0)']"
4565545.0,INTERESTED,"['rgb(94, 255, 0)']"
4565545.0,SHY,"['rgb(215, 255, 38)']"
4565545.0,HAPPY,"['rgb(255, 0, 98)']"
4565545.0,EMPATHETIC,"['rgb(255, 122, 115)']"
4565198.0,EXCITED,"['rgb(255, 255, 41)']"
4565198.0,UNCERTAIN,"['rgb(255, 242, 250)']"
4565198.0,SATISFIED,"['rgb(110, 255, 202)']"
4565198.0,PITY,"['rgb(154, 255, 77)']"
4565198.0,ANGRY,"['rgb(255, 0, 0)']"
4565198.0,DEPRESSED,"['rgb(43, 61, 255)']"
4565198.0,DISGUSTED,"['rgb(33, 255, 33)']"
4565198.0,FRUSTRATED,"['rgb(255, 0, 13)']"
4565198.0,JEALOUS,"['rgb(235, 82, 255)']"
4565198.0,BORED,"['rgb(27, 73, 99)']"
4565198.0,AFRAID,"['rgb(132, 38, 255)']"
4565198.0,SURPRISED,"['rgb(255, 0, 132)']"
4565198.0,STRESSED,"['rgb(255, 103, 15)']"
4565198.0,TIRED,"['rgb(92, 171, 255)']"
4565198.0,CURIOUS,"['rgb(246, 145, 255)']"
4565198.0,SLEEPY,"['rgb(89, 111, 255)']"
4565198.0,SERENE,"['rgb(154, 252, 246)']"
4565198.0,ALARMED,"['rgb(232, 79, 87)']"
4565198.0,GUILTY,"['rgb(255, 108, 71)']"
4565198.0,GENEROUS,"['rgb(127, 227, 100)']"
4565198.0,ASTONISHED,"['rgb(240, 240, 29)']"
4565198.0,SAD,"['rgb(82, 119, 255)']"
4565198.0,CALM,"['rgb(184, 197, 255)']"
4565198.0,INTERESTED,"['rgb(164, 125, 255)']"
4565198.0,SHY,"['rgb(186, 255, 207)']"
4565198.0,HAPPY,"['rgb(255, 255, 0)']"
4565198.0,EMPATHETIC,"['rgb(125, 255, 170)']"
4565212.0,EXCITED,"['rgb(255, 54, 94)']"
4565212.0,UNCERTAIN,"['rgb(237, 235, 235)']"
4565212.0,SATISFIED,"['rgb(197, 230, 215)']"
4565212.0,PITY,"['rgb(31, 42, 255)']"
4565212.0,ANGRY,"['rgb(255, 64, 0)']"
4565212.0,DEPRESSED,"['rgb(3, 0, 97)']"
4565212.0,DISGUSTED,"['rgb(92, 255, 105)']"
4565212.0,FRUSTRATED,"['rgb(242, 44, 0)']"
4565212.0,JEALOUS,"['rgb(86, 179, 93)']"
4565212.0,BORED,"['rgb(237, 208, 178)']"
4565212.0,AFRAID,"['rgb(71, 71, 71)']"
4565212.0,SURPRISED,"['rgb(255, 255, 33)']"
4565212.0,STRESSED,"['rgb(232, 102, 9)']"
4565212.0,TIRED,"['rgb(177, 195, 196)']"
4565212.0,CURIOUS,"['rgb(174, 124, 235)']"
4565212.0,SLEEPY,"['rgb(222, 253, 255)']"
4565212.0,SERENE,"['rgb(120, 246, 250)']"
4565212.0,ALARMED,"['rgb(255, 45, 3)']"
4565212.0,GUILTY,"['rgb(255, 131, 74)']"
4565212.0,GENEROUS,"['rgb(255, 161, 162)']"
4565212.0,ASTONISHED,"['rgb(247, 149, 20)']"
4565212.0,SAD,"['rgb(117, 195, 240)']"
4565212.0,CALM,"['rgb(214, 250, 255)']"
4565212.0,INTERESTED,"['rgb(189, 128, 255)']"
4565212.0,SHY,"['rgb(255, 198, 189)']"
4565212.0,HAPPY,"['rgb(251, 255, 0)']"
4565212.0,EMPATHETIC,"['rgb(215, 230, 247)']"
4565179.0,EXCITED,"['rgb(89, 255, 0)']"
4565179.0,UNCERTAIN,"['rgb(166, 124, 119)']"
4565179.0,SATISFIED,"['rgb(145, 144, 54)']"
4565179.0,PITY,"['rgb(38, 66, 84)']"
4565179.0,ANGRY,"['rgb(255, 64, 0)']"
4565179.0,DEPRESSED,"['rgb(0, 0, 0)']"
4565179.0,DISGUSTED,"['rgb(0, 120, 20)']"
4565179.0,FRUSTRATED,"['rgb(99, 3, 0)']"
4565179.0,JEALOUS,"['rgb(0, 255, 115)']"
4565179.0,BORED,"['rgb(74, 74, 74)']"
4565179.0,AFRAID,"['rgb(0, 4, 38)']"
4565179.0,SURPRISED,"['rgb(255, 0, 89)']"
4565179.0,STRESSED,"['rgb(110, 60, 0)']"
4565179.0,TIRED,"['rgb(0, 11, 31)']"
4565179.0,CURIOUS,"['rgb(143, 173, 186)']"
4565179.0,SLEEPY,"['rgb(73, 0, 125)']"
4565179.0,SERENE,"['rgb(54, 55, 82)']"
4565179.0,ALARMED,"['rgb(255, 81, 0)']"
4565179.0,GUILTY,"['rgb(0, 65, 117)']"
4565179.0,GENEROUS,"['rgb(22, 38, 21)']"
4565179.0,ASTONISHED,"['rgb(94, 0, 161)']"
4565179.0,SAD,"['rgb(71, 0, 24)']"
4565179.0,CALM,"['rgb(11, 87, 150)']"
4565179.0,INTERESTED,"['rgb(255, 255, 255)']"
4565179.0,SHY,"['rgb(122, 120, 255)']"
4565179.0,HAPPY,"['rgb(255, 187, 0)']"
4565179.0,EMPATHETIC,"['rgb(0, 166, 77)']"
4565146.0,EXCITED,"['rgb(255, 171, 15)']"
4565146.0,UNCERTAIN,"['rgb(154, 111, 214)']"
4565146.0,SATISFIED,"['rgb(242, 114, 159)']"
4565146.0,PITY,"['rgb(148, 216, 255)']"
4565146.0,ANGRY,"['rgb(166, 11, 0)']"
4565146.0,DEPRESSED,"['rgb(26, 14, 48)']"
4565146.0,DISGUSTED,"['rgb(204, 201, 29)']"
4565146.0,FRUSTRATED,"['rgb(235, 76, 28)']"
4565146.0,JEALOUS,"['rgb(3, 77, 0)']"
4565146.0,BORED,"['rgb(179, 179, 179)']"
4565146.0,AFRAID,"['rgb(59, 34, 130)']"
4565146.0,SURPRISED,"['rgb(255, 170, 0)']"
4565146.0,STRESSED,"['rgb(105, 0, 35)']"
4565146.0,TIRED,"['rgb(142, 149, 191)']"
4565146.0,CURIOUS,"['rgb(175, 100, 232)']"
4565146.0,SLEEPY,"['rgb(190, 204, 230)']"
4565146.0,SERENE,"['rgb(129, 157, 240)']"
4565146.0,ALARMED,"['rgb(255, 34, 0)']"
4565146.0,GUILTY,"['rgb(22, 0, 51)']"
4565146.0,GENEROUS,"['rgb(16, 181, 38)']"
4565146.0,ASTONISHED,"['rgb(255, 242, 0)']"
4565146.0,SAD,"['rgb(0, 43, 117)']"
4565146.0,CALM,"['rgb(154, 167, 237)']"
4565146.0,INTERESTED,"['rgb(255, 247, 94)']"
4565146.0,SHY,"['rgb(255, 201, 222)']"
4565146.0,HAPPY,"['rgb(255, 255, 0)']"
4565146.0,EMPATHETIC,"['rgb(237, 157, 190)']"
4549525.0,EXCITED,"['rgb(207, 122, 187)']"
4549525.0,UNCERTAIN,"['rgb(80, 161, 66)']"
4549525.0,SATISFIED,"['rgb(120, 117, 217)']"
4549525.0,PITY,"['rgb(89, 46, 69)']"
4549525.0,ANGRY,"['rgb(255, 45, 38)']"
4549525.0,DEPRESSED,"['rgb(23, 22, 23)']"
4549525.0,DISGUSTED,"['rgb(166, 90, 15)']"
4549525.0,FRUSTRATED,"['rgb(166, 62, 56)']"
4549525.0,JEALOUS,"['rgb(140, 29, 55)']"
4549525.0,BORED,"['rgb(99, 99, 99)']"
4549525.0,AFRAID,"['rgb(222, 4, 0)']"
4549525.0,SURPRISED,"['rgb(255, 194, 254)']"
4549525.0,STRESSED,"['rgb(128, 3, 38)']"
4549525.0,TIRED,"['rgb(166, 167, 255)']"
4549525.0,CURIOUS,"['rgb(242, 238, 148)']"
4549525.0,SLEEPY,"['rgb(143, 145, 255)']"
4549525.0,SERENE,"['rgb(217, 255, 251)']"
4549525.0,ALARMED,"['rgb(217, 0, 65)']"
4549525.0,GUILTY,"['rgb(16, 22, 43)']"
4549525.0,GENEROUS,"['rgb(255, 253, 125)']"
4549525.0,ASTONISHED,"['rgb(201, 107, 255)']"
4549525.0,SAD,"['rgb(29, 34, 41)']"
4549525.0,CALM,"['rgb(179, 255, 244)']"
4549525.0,INTERESTED,"['rgb(222, 222, 55)']"
4549525.0,SHY,"['rgb(46, 16, 43)']"
4549525.0,HAPPY,"['rgb(55, 230, 157)']"
4549525.0,EMPATHETIC,"['rgb(219, 121, 140)']"
4549531.0,EXCITED,"['rgb(0, 255, 162)']"
4549531.0,UNCERTAIN,"['rgb(255, 0, 68)']"
4549531.0,SATISFIED,"['rgb(184, 5, 255)']"
4549531.0,PITY,"['rgb(179, 0, 255)']"
4549531.0,ANGRY,"['rgb(255, 0, 0)']"
4549531.0,DEPRESSED,"['rgb(98, 0, 255)']"
4549531.0,DISGUSTED,"['rgb(255, 0, 4)']"
4549531.0,FRUSTRATED,"['rgb(255, 56, 66)']"
4549531.0,JEALOUS,"['rgb(18, 255, 105)']"
4549531.0,BORED,"['rgb(255, 179, 244)']"
4549531.0,AFRAID,"['rgb(144, 0, 255)']"
4549531.0,SURPRISED,"['rgb(30, 0, 255)']"
4549531.0,STRESSED,"['rgb(255, 75, 69)']"
4549531.0,TIRED,"['rgb(234, 77, 255)']"
4549531.0,CURIOUS,"['rgb(255, 151, 15)']"
4549531.0,SLEEPY,"['rgb(255, 157, 0)']"
4549531.0,SERENE,"['rgb(0, 255, 213)']"
4549531.0,ALARMED,"['rgb(255, 13, 0)']"
4549531.0,GUILTY,"['rgb(255, 0, 25)']"
4549531.0,GENEROUS,"['rgb(179, 255, 15)']"
4549531.0,ASTONISHED,"['rgb(255, 0, 251)']"
4549531.0,SAD,"['rgb(0, 6, 87)']"
4549531.0,CALM,"['rgb(234, 255, 5)']"
4549531.0,INTERESTED,"['rgb(0, 13, 255)']"
4549531.0,SHY,"['rgb(0, 255, 234)']"
4549531.0,HAPPY,"['rgb(226, 255, 5)']"
4549531.0,EMPATHETIC,"['rgb(0, 166, 166)']"
4549487.0,EXCITED,"['rgb(255, 122, 69)']"
4549487.0,UNCERTAIN,"['rgb(255, 226, 130)']"
4549487.0,SATISFIED,"['rgb(80, 10, 255)']"
4549487.0,PITY,"['rgb(255, 222, 240)']"
4549487.0,ANGRY,"['rgb(255, 0, 13)']"
4549487.0,DEPRESSED,"['rgb(246, 217, 255)']"
4549487.0,DISGUSTED,"['rgb(141, 255, 135)']"
4549487.0,FRUSTRATED,"['rgb(255, 178, 23)']"
4549487.0,JEALOUS,"['rgb(105, 255, 107)']"
4549487.0,BORED,"['rgb(190, 158, 255)']"
4549487.0,AFRAID,"['rgb(255, 4, 0)']"
4549487.0,SURPRISED,"['rgb(237, 173, 255)']"
4549487.0,STRESSED,"['rgb(255, 179, 166)']"
4549487.0,TIRED,"['rgb(255, 166, 184)']"
4549487.0,CURIOUS,"['rgb(252, 66, 255)']"
4549487.0,SLEEPY,"['rgb(255, 181, 220)']"
4549487.0,SERENE,"['rgb(38, 204, 255)']"
4549487.0,ALARMED,"['rgb(255, 34, 0)']"
4549487.0,GUILTY,"['rgb(165, 38, 255)']"
4549487.0,GENEROUS,"['rgb(23, 23, 255)']"
4549487.0,ASTONISHED,"['rgb(255, 243, 77)']"
4549487.0,SAD,"['rgb(255, 232, 242)']"
4549487.0,CALM,"['rgb(94, 218, 255)']"
4549487.0,INTERESTED,"['rgb(207, 255, 209)']"
4549487.0,SHY,"['A loading delay of more than 10s was detected.' 'rgb(255, 173, 201)']"
4549487.0,HAPPY,"['rgb(255, 107, 248)']"
4549487.0,EMPATHETIC,"['rgb(156, 190, 255)']"
4549456.0,EXCITED,"['rgb(255, 253, 161)']"
4549456.0,UNCERTAIN,"['rgb(171, 98, 31)']"
4549456.0,SATISFIED,"['rgb(211, 194, 255)']"
4549456.0,PITY,"['rgb(0, 94, 181)']"
4549456.0,ANGRY,"['rgb(255, 0, 0)']"
4549456.0,DEPRESSED,"['rgb(0, 21, 255)']"
4549456.0,DISGUSTED,"['rgb(31, 156, 9)']"
4549456.0,FRUSTRATED,"['rgb(214, 200, 41)']"
4549456.0,JEALOUS,"['rgb(0, 189, 66)']"
4549456.0,BORED,"['rgb(0, 0, 0)']"
4549456.0,AFRAID,"['rgb(186, 12, 0)']"
4549456.0,SURPRISED,"['rgb(255, 160, 59)']"
4549456.0,STRESSED,"['rgb(173, 173, 10)']"
4549456.0,TIRED,"['rgb(89, 191, 255)']"
4549456.0,CURIOUS,"['rgb(209, 73, 207)']"
4549456.0,SLEEPY,"['rgb(41, 0, 166)']"
4549456.0,SERENE,"['rgb(255, 255, 255)']"
4549456.0,ALARMED,"['rgb(255, 8, 0)']"
4549456.0,GUILTY,"['rgb(255, 72, 0)']"
4549456.0,GENEROUS,"['rgb(252, 255, 77)']"
4549456.0,ASTONISHED,"['rgb(255, 255, 130)']"
4549456.0,SAD,"['rgb(0, 49, 148)']"
4549456.0,CALM,"['rgb(0, 191, 255)']"
4549456.0,INTERESTED,"['rgb(222, 16, 136)']"
4549456.0,SHY,"['rgb(196, 255, 181)']"
4549456.0,HAPPY,"['rgb(255, 251, 43)']"
4549456.0,EMPATHETIC,"['rgb(70, 224, 31)']"
4549435.0,EXCITED,"['rgb(255, 0, 208)']"
4549435.0,UNCERTAIN,"['rgb(73, 130, 153)']"
4549435.0,SATISFIED,"['rgb(209, 255, 179)']"
4549435.0,PITY,"['rgb(173, 71, 80)']"
4549435.0,ANGRY,"['rgb(184, 0, 6)']"
4549435.0,DEPRESSED,"['rgb(63, 107, 140)']"
4549435.0,DISGUSTED,"['rgb(46, 59, 148)']"
4549435.0,FRUSTRATED,"['rgb(156, 77, 28)']"
4549435.0,JEALOUS,"['rgb(0, 102, 36)']"
4549435.0,BORED,"['rgb(255, 210, 158)']"
4549435.0,AFRAID,"['rgb(110, 38, 25)']"
4549435.0,SURPRISED,"['rgb(238, 242, 0)']"
4549435.0,STRESSED,"['rgb(23, 0, 156)']"
4549435.0,TIRED,"['rgb(135, 154, 173)']"
4549435.0,CURIOUS,"['rgb(64, 255, 102)']"
4549435.0,SLEEPY,"['rgb(61, 30, 117)']"
4549435.0,SERENE,"['rgb(132, 152, 163)']"
4549435.0,ALARMED,"['rgb(255, 144, 41)']"
4549435.0,GUILTY,"['rgb(133, 28, 27)']"
4549435.0,GENEROUS,"['rgb(216, 78, 237)']"
4549435.0,ASTONISHED,"['rgb(255, 71, 160)']"
4549435.0,SAD,"['rgb(168, 189, 227)']"
4549435.0,CALM,"['rgb(207, 255, 234)']"
4549435.0,INTERESTED,"['rgb(68, 255, 0)']"
4549435.0,SHY,"['rgb(251, 255, 199)']"
4549435.0,HAPPY,"['rgb(255, 229, 36)']"
4549435.0,EMPATHETIC,"['rgb(234, 207, 255)']"
4549465.0,EXCITED,"['rgb(238, 255, 0)']"
4549465.0,UNCERTAIN,"['rgb(101, 142, 184)']"
4549465.0,SATISFIED,"['rgb(177, 255, 69)']"
4549465.0,PITY,"['rgb(20, 66, 89)']"
4549465.0,ANGRY,"['rgb(255, 0, 0)']"
4549465.0,DEPRESSED,"['rgb(4, 0, 255)']"
4549465.0,DISGUSTED,"['rgb(85, 166, 5)']"
4549465.0,FRUSTRATED,"['rgb(255, 0, 17)']"
4549465.0,JEALOUS,"['rgb(4, 255, 0)']"
4549465.0,BORED,"['rgb(255, 178, 36)']"
4549465.0,AFRAID,"['rgb(181, 44, 42)']"
4549465.0,SURPRISED,"['rgb(255, 255, 33)']"
4549465.0,STRESSED,"['rgb(255, 4, 0)']"
4549465.0,TIRED,"['rgb(1, 5, 5)']"
4549465.0,CURIOUS,"['rgb(12, 168, 35)']"
4549465.0,SLEEPY,"['rgb(84, 138, 255)']"
4549465.0,SERENE,"['rgb(189, 255, 255)']"
4549465.0,ALARMED,"['rgb(255, 0, 13)']"
4549465.0,GUILTY,"['rgb(168, 2, 29)']"
4549465.0,GENEROUS,"['rgb(86, 255, 64)']"
4549465.0,ASTONISHED,"['rgb(242, 255, 248)']"
4549465.0,SAD,"['rgb(32, 189, 181)']"
4549465.0,CALM,"['rgb(145, 255, 237)']"
4549465.0,INTERESTED,"['rgb(192, 163, 255)']"
4549465.0,SHY,"['rgb(39, 162, 207)']"
4549465.0,HAPPY,"['rgb(242, 255, 0)']"
4549465.0,EMPATHETIC,"['rgb(165, 255, 117)']"
4549460.0,EXCITED,"['rgb(255, 247, 0)']"
4549460.0,UNCERTAIN,"['rgb(255, 161, 247)']"
4549460.0,SATISFIED,"['rgb(3, 255, 95)']"
4549460.0,PITY,"['rgb(110, 161, 255)']"
4549460.0,ANGRY,"['rgb(255, 4, 0)']"
4549460.0,DEPRESSED,"['rgb(255, 110, 84)']"
4549460.0,DISGUSTED,"['rgb(158, 255, 84)']"
4549460.0,FRUSTRATED,"['rgb(255, 163, 163)']"
4549460.0,JEALOUS,"['rgb(255, 59, 68)']"
4549460.0,BORED,"['rgb(255, 255, 255)']"
4549460.0,AFRAID,"['rgb(255, 68, 59)']"
4549460.0,SURPRISED,"['rgb(255, 255, 0)']"
4549460.0,STRESSED,"['rgb(255, 79, 77)']"
4549460.0,TIRED,"['rgb(68, 31, 255)']"
4549460.0,CURIOUS,"['rgb(87, 255, 238)']"
4549460.0,SLEEPY,"['rgb(204, 0, 255)']"
4549460.0,SERENE,"['rgb(242, 255, 255)']"
4549460.0,ALARMED,"['rgb(0, 0, 255)']"
4549460.0,GUILTY,"['rgb(255, 0, 4)']"
4549460.0,GENEROUS,"['rgb(165, 255, 143)']"
4549460.0,ASTONISHED,"['rgb(66, 255, 66)']"
4549460.0,SAD,"['rgb(255, 193, 191)']"
4549460.0,CALM,"['rgb(193, 255, 191)']"
4549460.0,INTERESTED,"['rgb(251, 20, 255)']"
4549460.0,SHY,"['rgb(120, 203, 255)']"
4549460.0,HAPPY,"['rgb(63, 255, 5)']"
4549460.0,EMPATHETIC,"['rgb(71, 78, 255)']"
4549406.0,EXCITED,"['rgb(246, 255, 0)']"
4549406.0,UNCERTAIN,"['rgb(235, 202, 157)']"
4549406.0,SATISFIED,"['rgb(75, 184, 99)']"
4549406.0,PITY,"['rgb(240, 177, 105)']"
4549406.0,ANGRY,"['rgb(227, 0, 8)']"
4549406.0,DEPRESSED,"['rgb(18, 24, 94)']"
4549406.0,DISGUSTED,"['rgb(112, 112, 112)']"
4549406.0,FRUSTRATED,"['rgb(150, 13, 255)']"
4549406.0,JEALOUS,"['rgb(0, 153, 79)']"
4549406.0,BORED,"['rgb(147, 153, 106)']"
4549406.0,AFRAID,"['rgb(255, 0, 68)']"
4549406.0,SURPRISED,"['rgb(255, 15, 207)']"
4549406.0,STRESSED,"['rgb(255, 108, 3)']"
4549406.0,TIRED,"['rgb(119, 160, 209)']"
4549406.0,CURIOUS,"['rgb(89, 145, 255)']"
4549406.0,SLEEPY,"['rgb(91, 132, 194)']"
4549406.0,SERENE,"['rgb(163, 255, 253)']"
4549406.0,ALARMED,"['rgb(255, 34, 0)']"
4549406.0,GUILTY,"['rgb(255, 0, 0)']"
4549406.0,GENEROUS,"['rgb(4, 201, 7)']"
4549406.0,ASTONISHED,"['rgb(227, 100, 193)']"
4549406.0,SAD,"['rgb(10, 0, 156)']"
4549406.0,CALM,"['rgb(152, 250, 237)']"
4549406.0,INTERESTED,"['rgb(35, 240, 247)']"
4549406.0,SHY,"['rgb(255, 84, 84)']"
4549406.0,HAPPY,"['rgb(255, 240, 28)']"
4549406.0,EMPATHETIC,"['rgb(255, 120, 181)']"
4549381.0,EXCITED,"['rgb(255, 25, 217)']"
4549381.0,UNCERTAIN,"['rgb(148, 207, 255)']"
4549381.0,SATISFIED,"['rgb(179, 255, 203)']"
4549381.0,PITY,"['rgb(219, 234, 255)']"
4549381.0,ANGRY,"['rgb(148, 0, 10)']"
4549381.0,DEPRESSED,"['rgb(10, 10, 10)']"
4549381.0,DISGUSTED,"['rgb(0, 201, 84)']"
4549381.0,FRUSTRATED,"['rgb(92, 250, 255)']"
4549381.0,JEALOUS,"['rgb(4, 255, 0)']"
4549381.0,BORED,"['rgb(120, 22, 38)']"
4549381.0,AFRAID,"['rgb(138, 62, 135)']"
4549381.0,SURPRISED,"['rgb(255, 251, 0)']"
4549381.0,STRESSED,"['rgb(255, 170, 0)']"
4549381.0,TIRED,"['rgb(138, 209, 94)']"
4549381.0,CURIOUS,"['rgb(255, 255, 158)']"
4549381.0,SLEEPY,"['rgb(97, 255, 134)']"
4549381.0,SERENE,"['rgb(255, 247, 253)']"
4549381.0,ALARMED,"['rgb(255, 0, 0)']"
4549381.0,GUILTY,"['rgb(148, 6, 11)']"
4549381.0,GENEROUS,"['rgb(251, 173, 255)']"
4549381.0,ASTONISHED,"['rgb(255, 43, 181)']"
4549381.0,SAD,"['rgb(81, 100, 176)']"
4549381.0,CALM,"['rgb(201, 255, 227)']"
4549381.0,INTERESTED,"['rgb(255, 156, 99)']"
4549381.0,SHY,"['rgb(240, 206, 234)']"
4549381.0,HAPPY,"['rgb(255, 251, 3)']"
4549381.0,EMPATHETIC,"['rgb(196, 135, 222)']"
4549347.0,EXCITED,"['rgb(255, 84, 207)']"
4549347.0,UNCERTAIN,"['rgb(255, 235, 217)']"
4549347.0,SATISFIED,"['rgb(32, 28, 255)']"
4549347.0,PITY,"['rgb(161, 246, 255)']"
4549347.0,ANGRY,"['rgb(204, 0, 7)']"
4549347.0,DEPRESSED,"['rgb(173, 179, 196)']"
4549347.0,DISGUSTED,"['rgb(59, 102, 33)']"
4549347.0,FRUSTRATED,"['rgb(255, 85, 0)']"
4549347.0,JEALOUS,"['rgb(74, 196, 26)']"
4549347.0,BORED,"['rgb(171, 171, 171)']"
4549347.0,AFRAID,"['rgb(255, 166, 150)']"
4549347.0,SURPRISED,"['rgb(255, 172, 28)']"
4549347.0,STRESSED,"['rgb(243, 255, 74)']"
4549347.0,TIRED,"['rgb(242, 242, 242)']"
4549347.0,CURIOUS,"['rgb(255, 216, 43)']"
4549347.0,SLEEPY,"['rgb(234, 186, 255)']"
4549347.0,SERENE,"['rgb(116, 214, 162)']"
4549347.0,ALARMED,"['rgb(255, 0, 25)']"
4549347.0,GUILTY,"['rgb(218, 255, 214)']"
4549347.0,GENEROUS,"['rgb(255, 122, 242)']"
4549347.0,ASTONISHED,"['rgb(255, 221, 87)']"
4549347.0,SAD,"['rgb(204, 204, 204)']"
4549347.0,CALM,"['rgb(179, 237, 255)']"
4549347.0,INTERESTED,"['rgb(84, 209, 255)']"
4549347.0,SHY,"['rgb(217, 201, 255)']"
4549347.0,HAPPY,"['rgb(255, 153, 223)']"
4549347.0,EMPATHETIC,"['rgb(116, 232, 205)']"
4549311.0,EXCITED,"['rgb(255, 36, 171)']"
4549311.0,UNCERTAIN,"['rgb(222, 156, 135)']"
4549311.0,SATISFIED,"['rgb(76, 117, 173)']"
4549311.0,PITY,"['rgb(134, 133, 204)']"
4549311.0,ANGRY,"['rgb(219, 62, 0)']"
4549311.0,DEPRESSED,"['rgb(103, 82, 128)']"
4549311.0,DISGUSTED,"['rgb(130, 255, 155)']"
4549311.0,FRUSTRATED,"['rgb(255, 103, 61)']"
4549311.0,JEALOUS,"['rgb(173, 81, 158)']"
4549311.0,BORED,"['rgb(185, 181, 201)']"
4549311.0,AFRAID,"['rgb(186, 71, 0)']"
4549311.0,SURPRISED,"['rgb(234, 255, 0)']"
4549311.0,STRESSED,"['rgb(201, 40, 0)']"
4549311.0,TIRED,"['rgb(109, 168, 145)']"
4549311.0,CURIOUS,"['rgb(30, 168, 145)']"
4549311.0,SLEEPY,"['rgb(121, 148, 186)']"
4549311.0,SERENE,"['rgb(217, 238, 255)']"
4549311.0,ALARMED,"['rgb(255, 13, 0)']"
4549311.0,GUILTY,"['rgb(96, 191, 97)']"
4549311.0,GENEROUS,"['rgb(255, 158, 23)']"
4549311.0,ASTONISHED,"['rgb(255, 132, 0)']"
4549311.0,SAD,"['rgb(0, 31, 82)']"
4549311.0,CALM,"['rgb(184, 225, 255)']"
4549311.0,INTERESTED,"['rgb(34, 191, 13)']"
4549311.0,SHY,"['rgb(181, 235, 209)']"
4549311.0,HAPPY,"['rgb(255, 213, 0)']"
4549311.0,EMPATHETIC,"['rgb(189, 47, 83)']"
4549239.0,EXCITED,"['rgb(195, 0, 255)']"
4549239.0,UNCERTAIN,"['rgb(176, 223, 255)']"
4549239.0,SATISFIED,"['rgb(158, 223, 255)']"
4549239.0,PITY,"['rgb(253, 255, 148)']"
4549239.0,ANGRY,"['rgb(255, 0, 8)']"
4549239.0,DEPRESSED,"['rgb(126, 5, 255)']"
4549239.0,DISGUSTED,"['rgb(111, 255, 0)']"
4549239.0,FRUSTRATED,"['rgb(255, 21, 0)']"
4549239.0,JEALOUS,"['rgb(255, 82, 87)']"
4549239.0,BORED,"['rgb(117, 214, 255)']"
4549239.0,AFRAID,"['rgb(224, 60, 31)']"
4549239.0,SURPRISED,"['rgb(255, 0, 170)']"
4549239.0,STRESSED,"['rgb(255, 72, 0)']"
4549239.0,TIRED,"['rgb(163, 102, 255)']"
4549239.0,CURIOUS,"['rgb(240, 255, 79)']"
4549239.0,SLEEPY,"['rgb(173, 161, 255)']"
4549239.0,SERENE,"['rgb(41, 255, 212)']"
4549239.0,ALARMED,"['rgb(255, 63, 20)']"
4549239.0,GUILTY,"['rgb(255, 25, 0)']"
4549239.0,GENEROUS,"['rgb(255, 179, 87)']"
4549239.0,ASTONISHED,"['rgb(195, 0, 255)']"
4549239.0,SAD,"['rgb(0, 64, 255)']"
4549239.0,CALM,"['rgb(186, 255, 225)']"
4549239.0,INTERESTED,"['rgb(255, 246, 163)']"
4549239.0,SHY,"['rgb(251, 255, 224)']"
4549239.0,HAPPY,"['rgb(251, 255, 0)']"
4549239.0,EMPATHETIC,"['rgb(153, 221, 255)']"
